date,underlying,svix30,atm30,spot,near_expiry,near_days,near_vol,next_expiry,next_days,next_vol,n_options,file
2026-07-06,OMXS30,15.68,14.39,3233.54,31-Jul-26,25.0,16.13,07-Aug-26,32.0,15.53,413,NordicDerivatives-pretrade-2026-07-06T1724
2026-07-07,AAK,25.03,28.54,238.28,Jul-26,10.0,32.59,Aug-26,45.0,23.53,18,NordicDerivatives-pretrade-2026-07-07T1724
2026-07-07,ABB,34.61,36.86,999.28,31-Jul-26,24.0,36.62,07-Aug-26,31.0,34.35,295,NordicDerivatives-pretrade-2026-07-07T1724
2026-07-07,ADDTB,30.46,32.46,334.09,Jul-26,10.0,43.19,Aug-26,45.0,27.78,53,NordicDerivatives-pretrade-2026-07-07T1724
2026-07-07,ALFA,26.65,28.10,565.68,Jul-26,10.0,26.56,Aug-26,45.0,26.66,93,NordicDerivatives-pretrade-2026-07-07T1724
2026-07-07,ASSAB,25.89,24.47,340.26,Jul-26,10.0,32.89,Aug-26,45.0,24.53,93,NordicDerivatives-pretrade-2026-07-07T1724
2026-07-07,ATCOA,32.64,36.09,188.91,Jul-26,10.0,40.40,Aug-26,45.0,31.16,148,NordicDerivatives-pretrade-2026-07-07T1724
2026-07-07,AXFO,24.70,29.02,267.85,Jul-26,10.0,33.32,Aug-26,45.0,22.95,101,NordicDerivatives-pretrade-2026-07-07T1724
2026-07-07,AZN,32.45,30.57,1864.60,Jul-26,10.0,35.81,Aug-26,45.0,31.86,130,NordicDerivatives-pretrade-2026-07-07T1724
2026-07-07,BETSB,46.47,48.82,86.00,Jul-26,10.0,64.18,Aug-26,45.0,42.81,117,NordicDerivatives-pretrade-2026-07-07T1724
2026-07-07,BILL,44.00,44.26,63.55,Jul-26,10.0,60.54,Aug-26,45.0,40.59,134,NordicDerivatives-pretrade-2026-07-07T1724
2026-07-07,BOLI,44.81,44.41,524.19,Jul-26,10.0,44.78,Aug-26,45.0,44.82,163,NordicDerivatives-pretrade-2026-07-07T1724
2026-07-07,CAST,28.00,24.20,132.82,Jul-26,10.0,37.72,Aug-26,45.0,26.03,135,NordicDerivatives-pretrade-2026-07-07T1724
2026-07-07,DOM,47.69,58.06,24.22,Jul-26,10.0,52.72,Aug-26,45.0,46.80,84,NordicDerivatives-pretrade-2026-07-07T1724
2026-07-07,ELUXB,55.17,63.49,26.90,Aug-26,45.0,51.73,Sep-26,73.0,48.92,73,NordicDerivatives-pretrade-2026-07-07T1724
2026-07-07,EMBRAC,45.82,51.62,63.75,Jul-26,10.0,48.31,Dec-26,164.0,44.76,43,NordicDerivatives-pretrade-2026-07-07T1724
2026-07-07,EPIA,36.84,36.06,257.97,Jul-26,10.0,49.38,Aug-26,45.0,34.31,135,NordicDerivatives-pretrade-2026-07-07T1724
2026-07-07,EQT,37.30,41.83,279.41,Jul-26,10.0,50.66,Oct-26,101.0,31.27,85,NordicDerivatives-pretrade-2026-07-07T1724
2026-07-07,ERICB,38.34,44.08,105.40,31-Jul-26,24.0,35.89,07-Aug-26,31.0,38.64,167,NordicDerivatives-pretrade-2026-07-07T1724
2026-07-07,ESSITB,26.70,25.83,282.25,Jul-26,10.0,38.94,Aug-26,45.0,24.07,87,NordicDerivatives-pretrade-2026-07-07T1724
2026-07-07,EVO,40.51,39.55,667.77,Jul-26,10.0,56.77,Aug-26,45.0,37.11,146,NordicDerivatives-pretrade-2026-07-07T1724
2026-07-07,GETIB,33.70,31.68,206.06,Jul-26,10.0,46.38,Aug-26,45.0,31.09,124,NordicDerivatives-pretrade-2026-07-07T1724
2026-07-07,HEXB,39.18,33.89,82.88,Dec-26,164.0,35.02,Mar-27,255.0,34.67,91,NordicDerivatives-pretrade-2026-07-07T1724
2026-07-07,HMB,21.81,23.59,167.02,Jul-26,10.0,24.55,Aug-26,45.0,21.32,155,NordicDerivatives-pretrade-2026-07-07T1724
2026-07-07,HOLMB,22.63,22.39,302.82,Jul-26,10.0,22.98,Aug-26,45.0,22.57,136,NordicDerivatives-pretrade-2026-07-07T1724
2026-07-07,INDUC,21.31,20.71,525.52,Jul-26,10.0,21.84,Aug-26,45.0,21.22,125,NordicDerivatives-pretrade-2026-07-07T1724
2026-07-07,INVEB,18.06,18.67,398.65,Jul-26,10.0,19.87,Aug-26,45.0,17.75,91,NordicDerivatives-pretrade-2026-07-07T1724
2026-07-07,KINB,35.32,36.72,53.40,Jul-26,10.0,33.31,Aug-26,45.0,35.65,104,NordicDerivatives-pretrade-2026-07-07T1724
2026-07-07,LATOB,27.91,26.21,193.75,Jul-26,10.0,26.01,Aug-26,45.0,28.21,54,NordicDerivatives-pretrade-2026-07-07T1724
2026-07-07,LUMI,52.33,52.93,227.09,Jul-26,10.0,51.34,Aug-26,45.0,52.49,179,NordicDerivatives-pretrade-2026-07-07T1724
2026-07-07,METSO,45.26,39.87,15.60,Aug-26,45.0,39.71,Sep-26,73.0,34.86,25,NordicDerivatives-pretrade-2026-07-07T1724
2026-07-07,NCC,36.69,35.75,192.74,Jul-26,10.0,52.22,Aug-26,45.0,33.41,115,NordicDerivatives-pretrade-2026-07-07T1724
2026-07-07,NESTE,57.96,57.82,27.59,Aug-26,45.0,52.97,Sep-26,73.0,48.80,110,NordicDerivatives-pretrade-2026-07-07T1724
2026-07-07,NEWAB,36.78,35.75,94.30,Jul-26,10.0,21.23,Aug-26,45.0,38.77,103,NordicDerivatives-pretrade-2026-07-07T1724
2026-07-07,NOA,71.36,79.93,10.39,Aug-26,45.0,64.79,Sep-26,73.0,59.25,14,NordicDerivatives-pretrade-2026-07-07T1724
2026-07-07,NOKI,71.62,79.70,115.01,Jul-26,10.0,60.71,Aug-26,45.0,73.28,163,NordicDerivatives-pretrade-2026-07-07T1724
2026-07-07,OCTV,41.19,50.67,169.70,Jul-26,10.0,41.77,Aug-26,45.0,41.10,48,NordicDerivatives-pretrade-2026-07-07T1724
2026-07-07,OMXS30,25.21,15.55,3207.75,31-Jul-26,24.0,27.29,07-Aug-26,31.0,24.93,445,NordicDerivatives-pretrade-2026-07-07T1724
2026-07-07,SAAB,41.22,,599.26,31-Jul-26,24.0,45.68,Aug-26,45.0,34.38,80,NordicDerivatives-pretrade-2026-07-07T1724
2026-07-07,SAGAB,31.95,31.90,164.05,Jul-26,10.0,39.43,Aug-26,45.0,30.52,61,NordicDerivatives-pretrade-2026-07-07T1724
2026-07-07,SAND,28.21,33.62,388.24,31-Jul-26,24.0,32.24,Aug-26,45.0,21.69,62,NordicDerivatives-pretrade-2026-07-07T1724
2026-07-07,SAVE,27.46,28.62,368.89,Jul-26,10.0,34.45,Aug-26,45.0,26.12,43,NordicDerivatives-pretrade-2026-07-07T1724
2026-07-07,SCAB,27.37,26.61,98.82,Jul-26,10.0,22.76,Aug-26,45.0,28.06,112,NordicDerivatives-pretrade-2026-07-07T1724
2026-07-07,SEBA,22.27,21.60,200.36,31-Jul-26,24.0,22.61,07-Aug-26,31.0,22.22,217,NordicDerivatives-pretrade-2026-07-07T1724
2026-07-07,SECUB,23.28,22.97,163.18,Jul-26,10.0,15.71,Aug-26,45.0,24.32,109,NordicDerivatives-pretrade-2026-07-07T1724
2026-07-07,SHBA,23.44,22.40,145.27,Jul-26,10.0,32.03,Aug-26,45.0,21.68,102,NordicDerivatives-pretrade-2026-07-07T1724
2026-07-07,SINCH,62.73,62.20,38.27,Jul-26,10.0,46.15,Aug-26,45.0,65.08,143,NordicDerivatives-pretrade-2026-07-07T1724
2026-07-07,SIVE,122.89,198.08,40.80,Jul-26,10.0,134.31,Sep-26,73.0,119.32,36,NordicDerivatives-pretrade-2026-07-07T1724
2026-07-07,SKAB,28.91,29.72,260.37,Jul-26,10.0,38.91,Mar-27,255.0,23.16,73,NordicDerivatives-pretrade-2026-07-07T1724
2026-07-07,SKFB,32.98,34.64,258.13,31-Jul-26,24.0,34.76,07-Aug-26,31.0,32.75,213,NordicDerivatives-pretrade-2026-07-07T1724
2026-07-07,SOBI,28.30,29.97,479.16,Jul-26,10.0,33.10,Aug-26,45.0,27.41,86,NordicDerivatives-pretrade-2026-07-07T1724
2026-07-07,SSABA,30.21,41.44,94.43,31-Jul-26,24.0,28.13,Aug-26,45.0,32.78,26,NordicDerivatives-pretrade-2026-07-07T1724
2026-07-07,STER,32.31,31.28,103.87,Jul-26,10.0,29.83,Aug-26,45.0,32.70,118,NordicDerivatives-pretrade-2026-07-07T1724
2026-07-07,SWEDA,19.74,22.76,368.14,Jul-26,10.0,25.09,Aug-26,45.0,18.70,81,NordicDerivatives-pretrade-2026-07-07T1724
2026-07-07,TLSN,29.69,29.68,44.60,Aug-26,45.0,26.58,Sep-26,73.0,23.92,86,NordicDerivatives-pretrade-2026-07-07T1724
2026-07-07,TRA,35.31,36.33,387.62,Jul-26,10.0,37.75,Aug-26,45.0,34.89,112,NordicDerivatives-pretrade-2026-07-07T1724
2026-07-07,TRELB,28.54,27.42,410.11,Jul-26,10.0,35.67,Aug-26,45.0,27.17,169,NordicDerivatives-pretrade-2026-07-07T1724
2026-07-07,VOLVB,24.54,,340.89,24-Jul-26,17.0,28.36,07-Aug-26,31.0,24.37,206,NordicDerivatives-pretrade-2026-07-07T1724
2026-07-07,VSURE,44.66,43.30,10.69,Jul-26,10.0,43.14,Aug-26,45.0,44.91,122,NordicDerivatives-pretrade-2026-07-07T1724
2026-07-07,WRT,50.30,48.93,30.62,Aug-26,45.0,42.74,Sep-26,73.0,35.88,14,NordicDerivatives-pretrade-2026-07-07T1724
2026-07-08,AAK,23.48,28.85,240.85,Jul-26,9.0,29.24,Aug-26,44.0,22.59,14,NordicDerivatives-pretrade-2026-07-08T1724
2026-07-08,ABB,36.15,37.89,992.75,07-Aug-26,30.0,36.15,Aug-26,44.0,35.93,256,NordicDerivatives-pretrade-2026-07-08T1724
2026-07-08,ADDTB,35.44,34.40,322.32,Jul-26,9.0,49.65,Aug-26,44.0,33.03,88,NordicDerivatives-pretrade-2026-07-08T1724
2026-07-08,ALFA,25.17,29.69,553.58,Jul-26,9.0,23.31,Aug-26,44.0,25.41,52,NordicDerivatives-pretrade-2026-07-08T1724
2026-07-08,ASSAB,24.44,26.20,329.62,Jul-26,9.0,33.81,Aug-26,44.0,22.86,32,NordicDerivatives-pretrade-2026-07-08T1724
2026-07-08,ATCOA,28.09,36.74,185.55,07-Aug-26,30.0,28.09,Aug-26,44.0,32.97,145,NordicDerivatives-pretrade-2026-07-08T1724
2026-07-08,AXFO,26.42,29.27,266.62,Jul-26,9.0,42.72,Aug-26,44.0,23.33,108,NordicDerivatives-pretrade-2026-07-08T1724
2026-07-08,AZN,28.39,31.90,1847.24,07-Aug-26,30.0,28.39,Aug-26,44.0,32.06,217,NordicDerivatives-pretrade-2026-07-08T1724
2026-07-08,BETSB,46.54,48.92,87.17,Jul-26,9.0,67.98,Aug-26,44.0,42.79,77,NordicDerivatives-pretrade-2026-07-08T1724
2026-07-08,BILL,44.83,45.06,62.08,Jul-26,9.0,64.12,Aug-26,44.0,41.51,116,NordicDerivatives-pretrade-2026-07-08T1724
2026-07-08,BOLI,27.60,,503.05,07-Aug-26,30.0,27.60,Aug-26,44.0,33.00,178,NordicDerivatives-pretrade-2026-07-08T1724
2026-07-08,CAST,29.73,26.79,126.85,Jul-26,9.0,41.24,Aug-26,44.0,27.79,137,NordicDerivatives-pretrade-2026-07-08T1724
2026-07-08,COFFEE,57.82,67.01,17.25,Jul-26,9.0,29.73,Aug-26,44.0,60.65,88,NordicDerivatives-pretrade-2026-07-08T1724
2026-07-08,DOM,51.91,61.29,23.38,Jul-26,9.0,63.84,Aug-26,44.0,50.06,64,NordicDerivatives-pretrade-2026-07-08T1724
2026-07-08,EKTAB,28.49,32.16,50.15,Jul-26,9.0,24.30,Aug-26,44.0,29.02,79,NordicDerivatives-pretrade-2026-07-08T1724
2026-07-08,ELUXB,48.44,63.03,24.91,Sep-26,72.0,48.82,Dec-26,163.0,48.98,66,NordicDerivatives-pretrade-2026-07-08T1724
2026-07-08,EPIA,36.99,36.57,252.57,Jul-26,9.0,50.25,Aug-26,44.0,34.79,100,NordicDerivatives-pretrade-2026-07-08T1724
2026-07-08,EQT,38.53,42.57,270.32,07-Aug-26,30.0,38.53,Aug-26,44.0,37.80,131,NordicDerivatives-pretrade-2026-07-08T1724
2026-07-08,ERICB,32.79,44.54,104.97,07-Aug-26,30.0,32.79,Aug-26,44.0,37.10,141,NordicDerivatives-pretrade-2026-07-08T1724
2026-07-08,ESSITB,25.19,25.94,274.80,Jul-26,9.0,37.85,Aug-26,44.0,22.93,48,NordicDerivatives-pretrade-2026-07-08T1724
2026-07-08,EVO,40.46,39.94,665.69,Jul-26,9.0,58.66,Aug-26,44.0,37.30,145,NordicDerivatives-pretrade-2026-07-08T1724
2026-07-08,GETIB,33.11,33.12,200.98,Jul-26,9.0,48.24,Aug-26,44.0,30.47,136,NordicDerivatives-pretrade-2026-07-08T1724
2026-07-08,HMB,22.81,24.88,160.63,07-Aug-26,30.0,22.81,Aug-26,44.0,25.80,188,NordicDerivatives-pretrade-2026-07-08T1724
2026-07-08,HOLMB,22.85,22.68,299.25,Jul-26,9.0,24.02,Aug-26,44.0,22.69,127,NordicDerivatives-pretrade-2026-07-08T1724
2026-07-08,HUSQB,27.29,60.47,35.08,Dec-26,163.0,27.68,Dec-27,527.0,27.74,14,NordicDerivatives-pretrade-2026-07-08T1724
2026-07-08,INDUC,19.12,21.19,517.92,Jul-26,9.0,21.58,Aug-26,44.0,18.77,90,NordicDerivatives-pretrade-2026-07-08T1724
2026-07-08,INVEB,19.70,19.82,391.41,Jul-26,9.0,23.62,Aug-26,44.0,19.11,56,NordicDerivatives-pretrade-2026-07-08T1724
2026-07-08,KINB,35.51,36.96,52.47,Jul-26,9.0,34.11,Aug-26,44.0,35.70,101,NordicDerivatives-pretrade-2026-07-08T1724
2026-07-08,LATOB,31.16,29.11,186.71,Jul-26,9.0,34.41,Aug-26,44.0,30.69,58,NordicDerivatives-pretrade-2026-07-08T1724
2026-07-08,LIFCOB,26.53,32.68,312.79,Jul-26,9.0,38.19,Aug-26,44.0,24.52,24,NordicDerivatives-pretrade-2026-07-08T1724
2026-07-08,LUMI,51.26,54.78,216.32,Jul-26,9.0,55.17,Aug-26,44.0,50.70,89,NordicDerivatives-pretrade-2026-07-08T1724
2026-07-08,NCC,35.87,36.77,187.00,Jul-26,9.0,55.84,Aug-26,44.0,32.20,103,NordicDerivatives-pretrade-2026-07-08T1724
2026-07-08,NESTE,63.93,59.21,28.66,Dec-26,163.0,34.55,Mar-27,254.0,30.99,32,NordicDerivatives-pretrade-2026-07-08T1724
2026-07-08,NEWAB,38.64,36.95,92.38,Jul-26,9.0,25.02,Aug-26,44.0,40.14,105,NordicDerivatives-pretrade-2026-07-08T1724
2026-07-08,NIBE,34.17,47.76,33.93,Jul-26,9.0,37.96,Aug-26,44.0,33.63,28,NordicDerivatives-pretrade-2026-07-08T1724
2026-07-08,NOKI,76.43,77.88,114.64,Jul-26,9.0,84.87,Aug-26,44.0,75.21,341,NordicDerivatives-pretrade-2026-07-08T1724
2026-07-08,NOKIA,72.43,81.52,113.65,31-Jul-26,23.0,78.98,07-Aug-26,30.0,72.43,80,NordicDerivatives-pretrade-2026-07-08T1724
2026-07-08,OCTV,51.30,53.27,161.93,Jul-26,9.0,57.37,Aug-26,44.0,50.42,134,NordicDerivatives-pretrade-2026-07-08T1724
2026-07-08,OMXS30,16.91,17.43,3144.16,07-Aug-26,30.0,16.91,Aug-26,44.0,18.99,426,NordicDerivatives-pretrade-2026-07-08T1724
2026-07-08,QTCOM,135.86,79.01,22.93,Dec-26,163.0,55.73,Mar-27,254.0,43.19,30,NordicDerivatives-pretrade-2026-07-08T1724
2026-07-08,SAAB,42.37,51.78,584.92,07-Aug-26,30.0,42.37,Aug-26,44.0,48.38,101,NordicDerivatives-pretrade-2026-07-08T1724
2026-07-08,SAGAB,35.02,35.71,156.92,Jul-26,9.0,41.07,Aug-26,44.0,34.11,62,NordicDerivatives-pretrade-2026-07-08T1724
2026-07-08,SAND,33.14,34.06,378.57,07-Aug-26,30.0,33.14,Aug-26,44.0,31.98,129,NordicDerivatives-pretrade-2026-07-08T1724
2026-07-08,SAVE,29.04,29.38,363.30,Jul-26,9.0,36.73,Aug-26,44.0,27.83,42,NordicDerivatives-pretrade-2026-07-08T1724
2026-07-08,SCAB,24.43,27.56,97.13,Jul-26,9.0,24.33,Aug-26,44.0,24.44,102,NordicDerivatives-pretrade-2026-07-08T1724
2026-07-08,SEBA,24.03,23.63,198.83,07-Aug-26,30.0,24.03,Aug-26,44.0,24.20,234,NordicDerivatives-pretrade-2026-07-08T1724
2026-07-08,SECUB,23.70,24.31,161.05,Jul-26,9.0,16.84,Aug-26,44.0,24.49,97,NordicDerivatives-pretrade-2026-07-08T1724
2026-07-08,SHBA,24.91,23.37,142.02,Aug-26,44.0,22.38,Sep-26,72.0,20.03,77,NordicDerivatives-pretrade-2026-07-08T1724
2026-07-08,SINCH,64.18,63.48,37.21,Jul-26,9.0,48.54,Aug-26,44.0,66.03,117,NordicDerivatives-pretrade-2026-07-08T1724
2026-07-08,SIVE,155.81,195.58,39.10,Jul-26,9.0,232.34,Aug-26,44.0,142.22,161,NordicDerivatives-pretrade-2026-07-08T1724
2026-07-08,SKAB,28.78,30.17,254.46,Jul-26,9.0,26.32,Aug-26,44.0,29.10,133,NordicDerivatives-pretrade-2026-07-08T1724
2026-07-08,SKFB,33.38,34.85,250.88,Jul-26,9.0,39.30,Sep-26,72.0,31.72,96,NordicDerivatives-pretrade-2026-07-08T1724
2026-07-08,SOBI,30.22,30.14,473.61,Jul-26,9.0,37.23,Aug-26,44.0,29.13,100,NordicDerivatives-pretrade-2026-07-08T1724
2026-07-08,SSABA,26.45,43.12,93.37,07-Aug-26,30.0,26.45,Aug-26,44.0,41.12,190,NordicDerivatives-pretrade-2026-07-08T1724
2026-07-08,SSABB,38.22,41.40,92.85,Jul-26,9.0,34.42,Aug-26,44.0,38.71,50,NordicDerivatives-pretrade-2026-07-08T1724
2026-07-08,STER,32.41,31.96,101.83,Jul-26,9.0,30.20,Aug-26,44.0,32.69,133,NordicDerivatives-pretrade-2026-07-08T1724
2026-07-08,SWEDA,25.17,24.47,363.54,07-Aug-26,30.0,25.17,Aug-26,44.0,22.77,134,NordicDerivatives-pretrade-2026-07-08T1724
2026-07-08,TLSN,25.37,28.85,45.35,24-Jul-26,16.0,22.39,Aug-26,44.0,26.37,141,NordicDerivatives-pretrade-2026-07-08T1724
2026-07-08,TRA,38.51,37.88,378.09,Jul-26,9.0,41.89,Aug-26,44.0,38.03,140,NordicDerivatives-pretrade-2026-07-08T1724
2026-07-08,TRELB,29.66,28.59,401.62,Jul-26,9.0,38.45,Aug-26,44.0,28.25,166,NordicDerivatives-pretrade-2026-07-08T1724
2026-07-08,VOLVB,28.96,29.36,332.47,07-Aug-26,30.0,28.96,Aug-26,44.0,28.37,249,NordicDerivatives-pretrade-2026-07-08T1724
2026-07-08,VSURE,35.95,44.55,10.19,Jul-26,9.0,34.76,Sep-26,72.0,36.24,72,NordicDerivatives-pretrade-2026-07-08T1724
2026-07-08,WRT,32.44,51.32,29.64,Aug-26,44.0,37.50,Sep-26,72.0,41.25,20,NordicDerivatives-pretrade-2026-07-08T1724
2026-07-09,AAK,27.46,27.88,244.40,Jul-26,8.0,36.43,Aug-26,43.0,26.29,29,NordicDerivatives-pretrade-2026-07-09T1724
2026-07-09,ABB,36.21,37.43,1017.63,07-Aug-26,29.0,36.34,Aug-26,43.0,35.05,212,NordicDerivatives-pretrade-2026-07-09T1724
2026-07-09,ADDTB,31.57,32.95,325.65,Jul-26,8.0,45.98,Aug-26,43.0,29.56,61,NordicDerivatives-pretrade-2026-07-09T1724
2026-07-09,ALFA,26.59,28.87,559.44,Jul-26,8.0,27.48,Aug-26,43.0,26.49,87,NordicDerivatives-pretrade-2026-07-09T1724
2026-07-09,ASSAB,25.27,25.76,332.95,Jul-26,8.0,33.96,Aug-26,43.0,24.12,60,NordicDerivatives-pretrade-2026-07-09T1724
2026-07-09,ATCOA,30.94,37.44,191.28,07-Aug-26,29.0,30.76,Aug-26,43.0,32.48,152,NordicDerivatives-pretrade-2026-07-09T1724
2026-07-09,AXFO,28.50,28.93,266.04,Jul-26,8.0,47.46,Aug-26,43.0,25.57,163,NordicDerivatives-pretrade-2026-07-09T1724
2026-07-09,AZA,30.74,31.71,389.26,Jul-26,8.0,39.80,Aug-26,43.0,29.57,90,NordicDerivatives-pretrade-2026-07-09T1724
2026-07-09,AZN,25.94,30.48,1712.33,31-Jul-26,22.0,22.15,Aug-26,43.0,28.72,131,NordicDerivatives-pretrade-2026-07-09T1724
2026-07-09,BALDB,28.89,30.24,52.41,Jul-26,8.0,34.90,Aug-26,43.0,28.15,64,NordicDerivatives-pretrade-2026-07-09T1724
2026-07-09,BETSB,45.81,48.41,89.14,Jul-26,8.0,69.50,Aug-26,43.0,42.41,120,NordicDerivatives-pretrade-2026-07-09T1724
2026-07-09,BILL,37.99,44.60,62.29,Jul-26,8.0,65.21,Aug-26,43.0,33.69,60,NordicDerivatives-pretrade-2026-07-09T1724
2026-07-09,BOLI,46.19,47.20,522.73,07-Aug-26,29.0,46.19,Aug-26,43.0,46.18,231,NordicDerivatives-pretrade-2026-07-09T1724
2026-07-09,CAST,28.81,25.66,128.57,Jul-26,8.0,42.02,Aug-26,43.0,26.96,135,NordicDerivatives-pretrade-2026-07-09T1724
2026-07-09,DOM,50.51,59.68,23.47,Jul-26,8.0,59.89,Aug-26,43.0,49.37,86,NordicDerivatives-pretrade-2026-07-09T1724
2026-07-09,EKTAB,12.84,15.52,51.09,Aug-26,43.0,28.80,Sep-26,71.0,37.87,68,NordicDerivatives-pretrade-2026-07-09T1724
2026-07-09,ELUXB,48.65,65.68,25.07,Aug-26,43.0,51.46,Dec-26,162.0,55.90,61,NordicDerivatives-pretrade-2026-07-09T1724
2026-07-09,EMBRAC,61.15,55.18,64.19,Jul-26,8.0,52.13,Aug-26,43.0,62.06,167,NordicDerivatives-pretrade-2026-07-09T1724
2026-07-09,EPIA,36.32,35.48,255.84,Jul-26,8.0,51.35,Aug-26,43.0,34.27,112,NordicDerivatives-pretrade-2026-07-09T1724
2026-07-09,EQT,36.30,,278.11,07-Aug-26,29.0,36.53,Aug-26,43.0,34.28,140,NordicDerivatives-pretrade-2026-07-09T1724
2026-07-09,ERICB,39.43,44.42,112.23,07-Aug-26,29.0,39.42,Aug-26,43.0,39.56,165,NordicDerivatives-pretrade-2026-07-09T1724
2026-07-09,ESSITB,26.71,25.66,277.55,Jul-26,8.0,42.22,Aug-26,43.0,24.42,144,NordicDerivatives-pretrade-2026-07-09T1724
2026-07-09,EVO,33.14,39.49,680.11,07-Aug-26,29.0,32.61,Aug-26,43.0,37.39,156,NordicDerivatives-pretrade-2026-07-09T1724
2026-07-09,FABG,24.79,25.27,75.66,Jul-26,8.0,26.34,Aug-26,43.0,24.62,65,NordicDerivatives-pretrade-2026-07-09T1724
2026-07-09,GETIB,34.76,33.08,203.63,Jul-26,8.0,52.08,Aug-26,43.0,32.29,122,NordicDerivatives-pretrade-2026-07-09T1724
2026-07-09,HEXB,26.07,34.37,80.43,Jul-26,8.0,24.88,Aug-26,43.0,26.20,42,NordicDerivatives-pretrade-2026-07-09T1724
2026-07-09,HMB,22.89,23.41,164.77,07-Aug-26,29.0,22.64,Aug-26,43.0,25.04,185,NordicDerivatives-pretrade-2026-07-09T1724
2026-07-09,HOLMB,22.49,22.04,301.50,Jul-26,8.0,22.07,Aug-26,43.0,22.54,125,NordicDerivatives-pretrade-2026-07-09T1724
2026-07-09,HUSQB,47.64,47.40,35.32,Jul-26,8.0,68.92,Aug-26,43.0,44.69,142,NordicDerivatives-pretrade-2026-07-09T1724
2026-07-09,INDUC,20.34,20.22,526.00,Jul-26,8.0,21.52,Aug-26,43.0,20.21,134,NordicDerivatives-pretrade-2026-07-09T1724
2026-07-09,INVEB,19.22,19.06,396.63,Jul-26,8.0,20.93,Aug-26,43.0,19.02,89,NordicDerivatives-pretrade-2026-07-09T1724
2026-07-09,KINB,32.90,36.79,51.37,Jul-26,8.0,34.36,Aug-26,43.0,32.73,95,NordicDerivatives-pretrade-2026-07-09T1724
2026-07-09,LATOB,29.39,28.68,188.75,Jul-26,8.0,32.41,Aug-26,43.0,29.04,60,NordicDerivatives-pretrade-2026-07-09T1724
2026-07-09,LIFCOB,26.95,31.48,318.55,Jul-26,8.0,42.37,Aug-26,43.0,24.68,29,NordicDerivatives-pretrade-2026-07-09T1724
2026-07-09,LUMI,53.18,52.86,231.77,Jul-26,8.0,51.95,Aug-26,43.0,53.31,189,NordicDerivatives-pretrade-2026-07-09T1724
2026-07-09,METSO,37.43,41.26,15.21,Aug-26,43.0,37.80,Sep-26,71.0,38.14,26,NordicDerivatives-pretrade-2026-07-09T1724
2026-07-09,MTGB,46.42,48.07,123.65,Jul-26,8.0,31.13,Aug-26,43.0,47.80,36,NordicDerivatives-pretrade-2026-07-09T1724
2026-07-09,NCC,36.98,36.07,187.87,Jul-26,8.0,57.11,Aug-26,43.0,34.05,112,NordicDerivatives-pretrade-2026-07-09T1724
2026-07-09,NESTE,52.47,51.42,28.93,Jul-26,8.0,43.66,Aug-26,43.0,53.35,184,NordicDerivatives-pretrade-2026-07-09T1724
2026-07-09,NEWAB,39.23,37.17,93.50,Jul-26,8.0,22.33,Aug-26,43.0,40.66,101,NordicDerivatives-pretrade-2026-07-09T1724
2026-07-09,NIBE,40.22,47.02,34.47,Jul-26,8.0,32.93,Aug-26,43.0,40.94,43,NordicDerivatives-pretrade-2026-07-09T1724
2026-07-09,NOKI,75.45,80.63,123.02,Jul-26,8.0,58.66,Aug-26,43.0,77.08,213,NordicDerivatives-pretrade-2026-07-09T1724
2026-07-09,OCTV,50.82,52.71,163.28,Jul-26,8.0,54.46,Aug-26,43.0,50.41,132,NordicDerivatives-pretrade-2026-07-09T1724
2026-07-09,OMXS30,15.55,15.15,3186.24,07-Aug-26,29.0,15.29,Aug-26,43.0,17.68,426,NordicDerivatives-pretrade-2026-07-09T1724
2026-07-09,SAAB,47.27,49.76,564.40,07-Aug-26,29.0,48.48,Aug-26,43.0,34.91,108,NordicDerivatives-pretrade-2026-07-09T1724
2026-07-09,SAGAB,33.93,32.80,160.75,Jul-26,8.0,43.54,Aug-26,43.0,32.70,74,NordicDerivatives-pretrade-2026-07-09T1724
2026-07-09,SAND,30.34,33.03,389.15,07-Aug-26,29.0,30.18,Aug-26,43.0,31.71,97,NordicDerivatives-pretrade-2026-07-09T1724
2026-07-09,SAVE,27.92,28.90,368.65,Jul-26,8.0,36.72,Aug-26,43.0,26.78,42,NordicDerivatives-pretrade-2026-07-09T1724
2026-07-09,SBBB,62.97,58.37,3.54,Jul-26,8.0,84.20,Aug-26,43.0,60.18,107,NordicDerivatives-pretrade-2026-07-09T1724
2026-07-09,SCAB,27.23,26.41,98.08,Jul-26,8.0,22.33,Aug-26,43.0,27.72,109,NordicDerivatives-pretrade-2026-07-09T1724
2026-07-09,SEBA,23.42,22.99,201.40,07-Aug-26,29.0,23.45,Aug-26,43.0,23.11,207,NordicDerivatives-pretrade-2026-07-09T1724
2026-07-09,SECUB,21.30,23.78,162.81,Jul-26,8.0,15.40,Aug-26,43.0,21.85,69,NordicDerivatives-pretrade-2026-07-09T1724
2026-07-09,SHBA,24.41,23.58,143.95,Jul-26,8.0,35.76,Aug-26,43.0,22.82,115,NordicDerivatives-pretrade-2026-07-09T1724
2026-07-09,SINCH,64.75,63.32,38.75,Jul-26,8.0,45.27,Aug-26,43.0,66.55,147,NordicDerivatives-pretrade-2026-07-09T1724
2026-07-09,SIVE,173.99,199.82,41.27,Jul-26,8.0,254.81,Aug-26,43.0,162.67,211,NordicDerivatives-pretrade-2026-07-09T1724
2026-07-09,SKAB,29.96,29.15,255.91,Jul-26,8.0,40.23,Aug-26,43.0,28.61,165,NordicDerivatives-pretrade-2026-07-09T1724
2026-07-09,SKFB,28.01,34.13,256.90,07-Aug-26,29.0,27.48,Aug-26,43.0,32.26,147,NordicDerivatives-pretrade-2026-07-09T1724
2026-07-09,SOBI,27.21,30.50,478.73,Jul-26,8.0,31.80,Aug-26,43.0,26.66,71,NordicDerivatives-pretrade-2026-07-09T1724
2026-07-09,SSABA,29.09,42.40,93.22,07-Aug-26,29.0,27.43,Aug-26,43.0,40.88,170,NordicDerivatives-pretrade-2026-07-09T1724
2026-07-09,STER,32.28,31.41,102.37,Jul-26,8.0,29.17,Aug-26,43.0,32.60,130,NordicDerivatives-pretrade-2026-07-09T1724
2026-07-09,SWEDA,23.14,23.06,368.39,07-Aug-26,29.0,23.18,Aug-26,43.0,22.84,212,NordicDerivatives-pretrade-2026-07-09T1724
2026-07-09,TLSN,24.42,27.92,45.22,07-Aug-26,29.0,24.02,Aug-26,43.0,27.70,251,NordicDerivatives-pretrade-2026-07-09T1724
2026-07-09,TRA,38.51,37.51,376.38,Jul-26,8.0,42.18,Aug-26,43.0,38.08,110,NordicDerivatives-pretrade-2026-07-09T1724
2026-07-09,TRELB,26.37,27.47,409.62,Jul-26,8.0,33.02,Aug-26,43.0,25.53,70,NordicDerivatives-pretrade-2026-07-09T1724
2026-07-09,VCAR,56.11,65.02,20.50,Jul-26,8.0,81.29,Aug-26,43.0,52.61,70,NordicDerivatives-pretrade-2026-07-09T1724
2026-07-09,VOLVB,28.82,28.52,334.07,07-Aug-26,29.0,29.00,Aug-26,43.0,27.23,240,NordicDerivatives-pretrade-2026-07-09T1724
2026-07-09,VSURE,46.42,43.41,10.39,Jul-26,8.0,43.61,Aug-26,43.0,46.72,124,NordicDerivatives-pretrade-2026-07-09T1724
2026-07-10,AAK,26.22,27.65,244.05,Jul-26,7.0,37.31,Aug-26,42.0,25.03,25,NordicDerivatives-pretrade-2026-07-10T1724
2026-07-10,ABB,35.58,37.42,998.53,07-Aug-26,28.0,36.44,14-Aug-26,35.0,33.79,242,NordicDerivatives-pretrade-2026-07-10T1724
2026-07-10,ADDTB,32.11,32.40,328.88,Jul-26,7.0,48.60,Aug-26,42.0,30.26,72,NordicDerivatives-pretrade-2026-07-10T1724
2026-07-10,ALFA,28.12,28.48,559.68,Jul-26,7.0,25.84,Aug-26,42.0,28.31,74,NordicDerivatives-pretrade-2026-07-10T1724
2026-07-10,ASSAB,23.70,25.02,334.60,Jul-26,7.0,34.76,Aug-26,42.0,22.48,63,NordicDerivatives-pretrade-2026-07-10T1724
2026-07-10,ATCOA,36.08,37.19,191.05,07-Aug-26,28.0,36.54,Aug-26,42.0,34.21,229,NordicDerivatives-pretrade-2026-07-10T1724
2026-07-10,AXFO,12.31,26.82,268.18,Aug-26,42.0,16.89,Sep-26,70.0,20.48,44,NordicDerivatives-pretrade-2026-07-10T1724
2026-07-10,AZN,23.49,30.31,1668.99,07-Aug-26,28.0,23.85,14-Aug-26,35.0,22.77,169,NordicDerivatives-pretrade-2026-07-10T1724
2026-07-10,BETSB,44.06,47.95,90.02,Jul-26,7.0,64.40,Aug-26,42.0,41.83,88,NordicDerivatives-pretrade-2026-07-10T1724
2026-07-10,BILL,41.38,44.00,62.99,Jul-26,7.0,52.52,Aug-26,42.0,40.27,100,NordicDerivatives-pretrade-2026-07-10T1724
2026-07-10,BOLI,45.26,45.70,521.55,07-Aug-26,28.0,45.20,Aug-26,42.0,45.52,256,NordicDerivatives-pretrade-2026-07-10T1724
2026-07-10,CAST,26.51,,128.52,Jul-26,7.0,43.31,Aug-26,42.0,24.51,106,NordicDerivatives-pretrade-2026-07-10T1724
2026-07-10,DOM,49.77,58.72,24.38,Jul-26,7.0,63.60,Aug-26,42.0,48.39,91,NordicDerivatives-pretrade-2026-07-10T1724
2026-07-10,EKTAB,15.00,16.57,51.42,Aug-26,42.0,28.12,Sep-26,70.0,36.83,74,NordicDerivatives-pretrade-2026-07-10T1724
2026-07-10,ELUXB,54.96,62.96,24.62,07-Aug-26,28.0,52.69,Aug-26,42.0,63.23,179,NordicDerivatives-pretrade-2026-07-10T1724
2026-07-10,EPIA,33.61,35.16,258.78,Jul-26,7.0,45.34,Aug-26,42.0,32.39,79,NordicDerivatives-pretrade-2026-07-10T1724
2026-07-10,EQT,37.67,41.32,280.10,07-Aug-26,28.0,37.66,14-Aug-26,35.0,37.71,171,NordicDerivatives-pretrade-2026-07-10T1724
2026-07-10,ERICB,35.08,43.90,109.65,07-Aug-26,28.0,34.98,14-Aug-26,35.0,35.29,129,NordicDerivatives-pretrade-2026-07-10T1724
2026-07-10,ESSITB,25.61,26.54,278.40,Jul-26,7.0,43.14,Aug-26,42.0,23.48,64,NordicDerivatives-pretrade-2026-07-10T1724
2026-07-10,EVO,39.79,38.57,685.21,Jul-26,7.0,63.42,Aug-26,42.0,37.03,140,NordicDerivatives-pretrade-2026-07-10T1724
2026-07-10,GETIB,31.83,31.87,206.88,Jul-26,7.0,44.75,Aug-26,42.0,30.45,92,NordicDerivatives-pretrade-2026-07-10T1724
2026-07-10,HMB,21.49,22.89,166.05,07-Aug-26,28.0,23.10,14-Aug-26,35.0,17.84,219,NordicDerivatives-pretrade-2026-07-10T1724
2026-07-10,HOLMB,21.84,21.67,302.51,Jul-26,7.0,17.61,Aug-26,42.0,22.16,110,NordicDerivatives-pretrade-2026-07-10T1724
2026-07-10,INDUC,17.76,19.73,524.85,Jul-26,7.0,19.40,Aug-26,42.0,17.61,73,NordicDerivatives-pretrade-2026-07-10T1724
2026-07-10,INVEB,19.09,19.04,394.50,Jul-26,7.0,22.29,Aug-26,42.0,18.78,53,NordicDerivatives-pretrade-2026-07-10T1724
2026-07-10,KINB,31.98,36.77,50.84,Jul-26,7.0,34.98,Aug-26,42.0,31.70,96,NordicDerivatives-pretrade-2026-07-10T1724
2026-07-10,LATOB,30.36,27.82,190.90,Jul-26,7.0,31.34,Aug-26,42.0,30.27,57,NordicDerivatives-pretrade-2026-07-10T1724
2026-07-10,LIFCOB,26.73,30.94,319.65,Jul-26,7.0,43.51,Aug-26,42.0,24.74,29,NordicDerivatives-pretrade-2026-07-10T1724
2026-07-10,LUMI,50.29,51.63,236.80,Jul-26,7.0,49.14,Aug-26,42.0,50.39,114,NordicDerivatives-pretrade-2026-07-10T1724
2026-07-10,METSO,47.34,40.66,15.36,Aug-26,42.0,38.93,Sep-26,70.0,28.10,15,NordicDerivatives-pretrade-2026-07-10T1724
2026-07-10,NCC,32.15,36.73,183.45,Jul-26,7.0,59.54,Aug-26,42.0,28.56,86,NordicDerivatives-pretrade-2026-07-10T1724
2026-07-10,NDASE,20.66,26.71,185.28,07-Aug-26,28.0,21.93,14-Aug-26,35.0,17.85,130,NordicDerivatives-pretrade-2026-07-10T1724
2026-07-10,NESTE,44.97,50.15,29.78,Sep-26,70.0,39.75,Dec-26,161.0,37.31,42,NordicDerivatives-pretrade-2026-07-10T1724
2026-07-10,NEWAB,38.50,37.40,93.30,Jul-26,7.0,22.08,Aug-26,42.0,39.61,100,NordicDerivatives-pretrade-2026-07-10T1724
2026-07-10,NOBA,37.92,40.95,86.12,Jul-26,7.0,31.59,Aug-26,42.0,38.42,82,NordicDerivatives-pretrade-2026-07-10T1724
2026-07-10,NOKI,74.73,78.18,119.18,Jul-26,7.0,47.50,Aug-26,42.0,76.64,208,NordicDerivatives-pretrade-2026-07-10T1724
2026-07-10,OCTV,45.65,52.48,163.52,Jul-26,7.0,44.03,Aug-26,42.0,45.79,60,NordicDerivatives-pretrade-2026-07-10T1724
2026-07-10,OMXS30,25.21,18.84,3176.83,07-Aug-26,28.0,25.11,Aug-26,42.0,25.58,451,NordicDerivatives-pretrade-2026-07-10T1724
2026-07-10,SAAB,38.76,48.90,546.89,07-Aug-26,28.0,36.29,Aug-26,42.0,47.36,110,NordicDerivatives-pretrade-2026-07-10T1724
2026-07-10,SAGAB,28.47,32.09,161.45,Jul-26,7.0,36.61,Aug-26,42.0,27.65,35,NordicDerivatives-pretrade-2026-07-10T1724
2026-07-10,SAND,32.66,32.28,389.97,07-Aug-26,28.0,32.79,Aug-26,42.0,32.12,199,NordicDerivatives-pretrade-2026-07-10T1724
2026-07-10,SAVE,29.56,28.54,367.56,Jul-26,7.0,40.77,Aug-26,42.0,28.37,71,NordicDerivatives-pretrade-2026-07-10T1724
2026-07-10,SCAB,26.40,26.28,99.16,Jul-26,7.0,21.88,Aug-26,42.0,26.75,95,NordicDerivatives-pretrade-2026-07-10T1724
2026-07-10,SEBA,23.48,22.78,200.35,07-Aug-26,28.0,23.53,Aug-26,42.0,23.29,208,NordicDerivatives-pretrade-2026-07-10T1724
2026-07-10,SECUB,23.96,23.84,163.09,Jul-26,7.0,15.53,Aug-26,42.0,24.56,80,NordicDerivatives-pretrade-2026-07-10T1724
2026-07-10,SHBA,17.30,24.06,144.32,Dec-26,161.0,21.56,Mar-27,252.0,21.87,48,NordicDerivatives-pretrade-2026-07-10T1724
2026-07-10,SINCH,62.45,,39.25,Jul-26,7.0,40.44,Aug-26,42.0,64.01,137,NordicDerivatives-pretrade-2026-07-10T1724
2026-07-10,SIVE,175.90,181.47,46.56,Jul-26,7.0,279.62,Aug-26,42.0,163.81,223,NordicDerivatives-pretrade-2026-07-10T1724
2026-07-10,SKAB,30.17,29.57,254.47,Jul-26,7.0,41.49,Aug-26,42.0,28.98,155,NordicDerivatives-pretrade-2026-07-10T1724
2026-07-10,SKFB,33.04,33.29,259.77,07-Aug-26,28.0,33.21,Aug-26,42.0,32.34,207,NordicDerivatives-pretrade-2026-07-10T1724
2026-07-10,SOBI,29.61,30.25,472.65,Jul-26,7.0,38.59,Aug-26,42.0,28.70,94,NordicDerivatives-pretrade-2026-07-10T1724
2026-07-10,SSABA,28.11,41.16,96.37,07-Aug-26,28.0,29.53,14-Aug-26,35.0,25.03,77,NordicDerivatives-pretrade-2026-07-10T1724
2026-07-10,STER,32.82,36.72,104.40,07-Aug-26,28.0,32.85,Aug-26,42.0,32.71,63,NordicDerivatives-pretrade-2026-07-10T1724
2026-07-10,SWEDA,19.96,23.37,364.25,31-Jul-26,21.0,23.60,14-Aug-26,35.0,18.59,216,NordicDerivatives-pretrade-2026-07-10T1724
2026-07-10,TLSN,21.50,27.64,45.49,Jul-26,7.0,32.32,14-Aug-26,35.0,20.90,134,NordicDerivatives-pretrade-2026-07-10T1724
2026-07-10,TRA,37.44,36.30,384.25,Jul-26,7.0,36.93,Aug-26,42.0,37.49,131,NordicDerivatives-pretrade-2026-07-10T1724
2026-07-10,TRELB,26.56,27.14,412.08,Jul-26,7.0,34.49,Aug-26,42.0,25.75,91,NordicDerivatives-pretrade-2026-07-10T1724
2026-07-10,VOLVB,27.81,27.97,338.32,07-Aug-26,28.0,28.11,14-Aug-26,35.0,27.20,273,NordicDerivatives-pretrade-2026-07-10T1724
2026-07-10,VSURE,47.12,45.71,10.28,Jul-26,7.0,49.21,Aug-26,42.0,46.93,117,NordicDerivatives-pretrade-2026-07-10T1724
2026-07-13,ABB,35.84,37.31,998.80,07-Aug-26,25.0,37.78,14-Aug-26,32.0,35.21,256,NordicDerivatives-pretrade-2026-07-13T1724
2026-07-13,ALFA,32.16,31.63,558.69,Aug-26,39.0,27.59,Sep-26,67.0,19.49,59,NordicDerivatives-pretrade-2026-07-13T1724
2026-07-13,ATCOA,32.65,37.84,189.12,07-Aug-26,25.0,30.73,14-Aug-26,32.0,33.23,142,NordicDerivatives-pretrade-2026-07-13T1724
2026-07-13,AXFO,27.68,27.46,265.56,Aug-26,39.0,26.46,Sep-26,67.0,24.65,88,NordicDerivatives-pretrade-2026-07-13T1724
2026-07-13,AZA,32.47,31.78,377.88,Aug-26,39.0,30.76,Sep-26,67.0,28.20,67,NordicDerivatives-pretrade-2026-07-13T1724
2026-07-13,AZN,24.25,30.17,1637.81,07-Aug-26,25.0,25.32,14-Aug-26,32.0,23.91,157,NordicDerivatives-pretrade-2026-07-13T1724
2026-07-13,BETSB,20.20,40.13,91.27,Sep-26,67.0,28.19,Mar-27,249.0,31.99,24,NordicDerivatives-pretrade-2026-07-13T1724
2026-07-13,BILL,44.87,45.39,62.21,Aug-26,39.0,42.30,Sep-26,67.0,38.43,114,NordicDerivatives-pretrade-2026-07-13T1724
2026-07-13,BOLI,44.78,47.54,515.60,07-Aug-26,25.0,47.25,14-Aug-26,32.0,43.98,260,NordicDerivatives-pretrade-2026-07-13T1724
2026-07-13,CAST,28.60,26.64,127.83,Aug-26,39.0,27.65,Sep-26,67.0,26.28,100,NordicDerivatives-pretrade-2026-07-13T1724
2026-07-13,COFFEE,54.72,66.59,17.67,Aug-26,39.0,51.09,Sep-26,67.0,45.57,68,NordicDerivatives-pretrade-2026-07-13T1724
2026-07-13,EKTAB,21.08,24.39,51.89,Aug-26,39.0,28.86,Sep-26,67.0,37.07,45,NordicDerivatives-pretrade-2026-07-13T1724
2026-07-13,ELUXB,116.33,48.72,24.44,Dec-26,158.0,52.67,Mar-27,249.0,43.05,62,NordicDerivatives-pretrade-2026-07-13T1724
2026-07-13,EPIA,36.15,36.40,253.96,Aug-26,39.0,34.92,Sep-26,67.0,33.11,90,NordicDerivatives-pretrade-2026-07-13T1724
2026-07-13,EQT,38.03,40.10,282.25,07-Aug-26,25.0,39.02,14-Aug-26,32.0,37.71,190,NordicDerivatives-pretrade-2026-07-13T1724
2026-07-13,ERICB,36.23,42.21,112.67,07-Aug-26,25.0,38.67,14-Aug-26,32.0,35.43,160,NordicDerivatives-pretrade-2026-07-13T1724
2026-07-13,ESSITB,25.91,26.87,280.09,Aug-26,39.0,24.56,Sep-26,67.0,22.54,30,NordicDerivatives-pretrade-2026-07-13T1724
2026-07-13,EVO,28.74,39.30,698.41,07-Aug-26,25.0,30.57,14-Aug-26,32.0,28.15,130,NordicDerivatives-pretrade-2026-07-13T1724
2026-07-13,GETIB,31.24,32.11,211.06,Aug-26,39.0,29.51,Sep-26,67.0,26.92,83,NordicDerivatives-pretrade-2026-07-13T1724
2026-07-13,HMB,9.71,20.71,166.55,Aug-26,39.0,18.71,Oct-26,95.0,29.20,113,NordicDerivatives-pretrade-2026-07-13T1724
2026-07-13,HOLMB,23.64,23.38,301.51,Aug-26,39.0,23.25,Sep-26,67.0,22.70,157,NordicDerivatives-pretrade-2026-07-13T1724
2026-07-13,INDUC,18.93,20.92,521.79,Aug-26,39.0,19.00,Sep-26,67.0,19.09,91,NordicDerivatives-pretrade-2026-07-13T1724
2026-07-13,INVEB,16.63,19.51,392.01,Aug-26,39.0,17.37,Sep-26,67.0,18.34,56,NordicDerivatives-pretrade-2026-07-13T1724
2026-07-13,KINB,34.86,36.75,52.17,Aug-26,39.0,35.44,Sep-26,67.0,36.23,88,NordicDerivatives-pretrade-2026-07-13T1724
2026-07-13,LATOB,29.57,28.88,191.42,Aug-26,39.0,29.66,Sep-26,67.0,29.79,54,NordicDerivatives-pretrade-2026-07-13T1724
2026-07-13,LIFCOB,31.41,31.29,323.49,Aug-26,39.0,29.45,Sep-26,67.0,26.49,36,NordicDerivatives-pretrade-2026-07-13T1724
2026-07-13,LUMI,53.61,54.57,235.87,Aug-26,39.0,53.73,Sep-26,67.0,53.90,194,NordicDerivatives-pretrade-2026-07-13T1724
2026-07-13,NCC,36.93,36.70,182.45,Aug-26,39.0,34.95,Sep-26,67.0,32.00,67,NordicDerivatives-pretrade-2026-07-13T1724
2026-07-13,NDASE,18.02,28.49,184.92,31-Jul-26,18.0,18.40,07-Aug-26,25.0,18.13,15,NordicDerivatives-pretrade-2026-07-13T1724
2026-07-13,NEWAB,44.71,42.82,93.75,Aug-26,39.0,40.81,Sep-26,67.0,34.66,81,NordicDerivatives-pretrade-2026-07-13T1724
2026-07-13,NIBE,35.63,47.97,35.81,Aug-26,39.0,30.93,Sep-26,67.0,22.80,17,NordicDerivatives-pretrade-2026-07-13T1724
2026-07-13,NOKI,80.21,83.22,116.22,Aug-26,39.0,76.47,Sep-26,67.0,70.93,202,NordicDerivatives-pretrade-2026-07-13T1724
2026-07-13,OCTV,47.22,56.21,162.66,Aug-26,39.0,48.23,Sep-26,67.0,49.61,94,NordicDerivatives-pretrade-2026-07-13T1724
2026-07-13,OMXS30,24.81,18.41,3156.50,07-Aug-26,25.0,26.15,Aug-26,39.0,23.17,395,NordicDerivatives-pretrade-2026-07-13T1724
2026-07-13,QTCOM,47.69,47.75,24.41,Oct-26,95.0,43.88,Dec-26,158.0,43.14,16,NordicDerivatives-pretrade-2026-07-13T1724
2026-07-13,SAAB,46.40,50.77,528.43,07-Aug-26,25.0,48.63,14-Aug-26,32.0,45.68,249,NordicDerivatives-pretrade-2026-07-13T1724
2026-07-13,SAGAB,32.11,32.42,162.54,Aug-26,39.0,31.28,Sep-26,67.0,30.10,51,NordicDerivatives-pretrade-2026-07-13T1724
2026-07-13,SAND,31.61,33.43,388.48,07-Aug-26,25.0,32.17,14-Aug-26,32.0,31.43,121,NordicDerivatives-pretrade-2026-07-13T1724
2026-07-13,SCAB,29.62,28.57,98.81,Aug-26,39.0,28.52,Sep-26,67.0,26.92,121,NordicDerivatives-pretrade-2026-07-13T1724
2026-07-13,SEBA,23.79,23.35,199.77,07-Aug-26,25.0,24.28,Aug-26,39.0,23.21,203,NordicDerivatives-pretrade-2026-07-13T1724
2026-07-13,SECUB,26.34,27.26,161.90,Aug-26,39.0,24.78,Sep-26,67.0,22.43,98,NordicDerivatives-pretrade-2026-07-13T1724
2026-07-13,SHBA,7.71,,142.88,Aug-26,39.0,13.46,Dec-26,158.0,22.07,86,NordicDerivatives-pretrade-2026-07-13T1724
2026-07-13,SINCH,70.80,71.89,40.15,Aug-26,39.0,66.21,Sep-26,67.0,59.23,107,NordicDerivatives-pretrade-2026-07-13T1724
2026-07-13,SIVE,153.10,190.52,41.60,Aug-26,39.0,160.41,Sep-26,67.0,170.06,129,NordicDerivatives-pretrade-2026-07-13T1724
2026-07-13,SKAB,30.98,30.13,252.07,Aug-26,39.0,29.56,Sep-26,67.0,27.45,141,NordicDerivatives-pretrade-2026-07-13T1724
2026-07-13,SKFB,30.98,34.14,259.99,07-Aug-26,25.0,31.83,14-Aug-26,32.0,30.71,170,NordicDerivatives-pretrade-2026-07-13T1724
2026-07-13,SOBI,28.29,31.10,462.28,Aug-26,39.0,28.25,Sep-26,67.0,28.19,76,NordicDerivatives-pretrade-2026-07-13T1724
2026-07-13,SSABA,37.52,41.50,98.54,31-Jul-26,18.0,38.71,Aug-26,39.0,37.10,48,NordicDerivatives-pretrade-2026-07-13T1724
2026-07-13,STER,36.06,37.30,102.65,07-Aug-26,25.0,36.77,Aug-26,39.0,35.23,161,NordicDerivatives-pretrade-2026-07-13T1724
2026-07-13,SWEDA,23.19,23.57,361.90,07-Aug-26,25.0,23.99,14-Aug-26,32.0,22.94,220,NordicDerivatives-pretrade-2026-07-13T1724
2026-07-13,TLSN,16.08,27.53,46.26,24-Jul-26,11.0,24.06,14-Aug-26,32.0,15.72,128,NordicDerivatives-pretrade-2026-07-13T1724
2026-07-13,TRA,38.80,38.30,380.43,Aug-26,39.0,37.41,Sep-26,67.0,35.38,96,NordicDerivatives-pretrade-2026-07-13T1724
2026-07-13,TRELB,23.07,27.54,408.41,Aug-26,39.0,24.07,Dec-26,158.0,26.41,50,NordicDerivatives-pretrade-2026-07-13T1724
2026-07-13,TYRES,42.45,27.07,13.32,Dec-26,158.0,29.22,Mar-27,249.0,27.80,26,NordicDerivatives-pretrade-2026-07-13T1724
2026-07-13,VOLVB,23.46,28.65,335.32,07-Aug-26,25.0,23.85,14-Aug-26,32.0,23.34,211,NordicDerivatives-pretrade-2026-07-13T1724
2026-07-13,VSURE,51.55,49.76,10.11,Aug-26,39.0,49.04,Sep-26,67.0,45.31,116,NordicDerivatives-pretrade-2026-07-13T1724
2026-07-14,ABB,36.08,37.39,1017.11,07-Aug-26,24.0,38.58,14-Aug-26,31.0,35.75,258,NordicDerivatives-pretrade-2026-07-14T1724
2026-07-14,ADDTB,26.20,25.07,338.76,Aug-26,38.0,26.28,Sep-26,66.0,26.41,89,NordicDerivatives-pretrade-2026-07-14T1724
2026-07-14,ALFA,31.98,30.29,564.76,Aug-26,38.0,28.63,Sep-26,66.0,22.29,81,NordicDerivatives-pretrade-2026-07-14T1724
2026-07-14,ASMDEE,36.20,35.31,143.07,Aug-26,38.0,34.51,Sep-26,66.0,31.64,27,NordicDerivatives-pretrade-2026-07-14T1724
2026-07-14,ASSAB,27.26,26.46,328.50,Aug-26,38.0,25.53,Sep-26,66.0,22.52,43,NordicDerivatives-pretrade-2026-07-14T1724
2026-07-14,ATCOA,36.46,38.67,189.08,07-Aug-26,24.0,39.93,14-Aug-26,31.0,35.99,266,NordicDerivatives-pretrade-2026-07-14T1724
2026-07-14,ATCOB,36.10,38.46,165.85,Aug-26,38.0,34.00,Sep-26,66.0,30.36,81,NordicDerivatives-pretrade-2026-07-14T1724
2026-07-14,AXFO,28.42,27.80,266.64,Aug-26,38.0,27.18,Sep-26,66.0,25.09,155,NordicDerivatives-pretrade-2026-07-14T1724
2026-07-14,AZA,28.56,28.02,396.41,Aug-26,38.0,28.18,Sep-26,66.0,27.57,67,NordicDerivatives-pretrade-2026-07-14T1724
2026-07-14,AZN,22.21,30.66,1602.12,07-Aug-26,24.0,27.68,14-Aug-26,31.0,21.40,189,NordicDerivatives-pretrade-2026-07-14T1724
2026-07-14,BALDB,32.71,30.99,52.16,Aug-26,38.0,30.58,Sep-26,66.0,26.83,54,NordicDerivatives-pretrade-2026-07-14T1724
2026-07-14,BETSB,48.24,48.28,89.89,Aug-26,38.0,46.29,Sep-26,66.0,43.00,149,NordicDerivatives-pretrade-2026-07-14T1724
2026-07-14,BILL,46.87,47.38,61.56,Aug-26,38.0,43.87,Sep-26,66.0,38.64,133,NordicDerivatives-pretrade-2026-07-14T1724
2026-07-14,BOLI,35.55,46.39,531.96,07-Aug-26,24.0,47.23,14-Aug-26,31.0,33.75,225,NordicDerivatives-pretrade-2026-07-14T1724
2026-07-14,BONEX,54.72,53.60,232.31,Aug-26,38.0,53.09,Sep-26,66.0,50.38,81,NordicDerivatives-pretrade-2026-07-14T1724
2026-07-14,CAST,27.49,25.28,128.89,Aug-26,38.0,27.01,Sep-26,66.0,26.24,94,NordicDerivatives-pretrade-2026-07-14T1724
2026-07-14,COFFEE,67.14,64.67,17.80,Aug-26,38.0,59.72,Sep-26,66.0,45.49,92,NordicDerivatives-pretrade-2026-07-14T1724
2026-07-14,DOM,52.56,51.76,23.03,Aug-26,38.0,50.77,Sep-26,66.0,47.77,108,NordicDerivatives-pretrade-2026-07-14T1724
2026-07-14,EKTAB,31.53,27.27,47.42,Aug-26,38.0,37.09,Sep-26,66.0,44.52,88,NordicDerivatives-pretrade-2026-07-14T1724
2026-07-14,ELISA,26.79,27.07,36.86,Aug-26,38.0,25.88,Sep-26,66.0,24.37,39,NordicDerivatives-pretrade-2026-07-14T1724
2026-07-14,ELUXB,53.62,62.64,24.45,07-Aug-26,24.0,56.03,14-Aug-26,31.0,53.30,211,NordicDerivatives-pretrade-2026-07-14T1724
2026-07-14,EMBRAC,68.12,65.60,67.57,Aug-26,38.0,63.70,Sep-26,66.0,55.96,132,NordicDerivatives-pretrade-2026-07-14T1724
2026-07-14,EPIA,36.14,35.23,256.50,Aug-26,38.0,34.82,Sep-26,66.0,32.62,104,NordicDerivatives-pretrade-2026-07-14T1724
2026-07-14,EQT,38.71,40.80,284.36,07-Aug-26,24.0,40.42,14-Aug-26,31.0,38.48,222,NordicDerivatives-pretrade-2026-07-14T1724
2026-07-14,ERICB,27.28,29.84,98.98,07-Aug-26,24.0,29.18,14-Aug-26,31.0,27.02,220,NordicDerivatives-pretrade-2026-07-14T1724
2026-07-14,ESSITB,29.62,27.11,279.12,Aug-26,38.0,26.21,Sep-26,66.0,19.58,58,NordicDerivatives-pretrade-2026-07-14T1724
2026-07-14,EVO,37.04,38.09,691.50,07-Aug-26,24.0,39.15,14-Aug-26,31.0,36.76,220,NordicDerivatives-pretrade-2026-07-14T1724
2026-07-14,FABG,24.97,25.16,75.82,Aug-26,38.0,24.34,Sep-26,66.0,23.30,61,NordicDerivatives-pretrade-2026-07-14T1724
2026-07-14,FORTUM,35.13,34.75,20.39,Aug-26,38.0,34.70,Sep-26,66.0,34.02,28,NordicDerivatives-pretrade-2026-07-14T1724
2026-07-14,GETIB,32.98,32.81,207.58,Aug-26,38.0,31.78,Sep-26,66.0,29.77,121,NordicDerivatives-pretrade-2026-07-14T1724
2026-07-14,HEXB,39.72,37.34,80.13,Aug-26,38.0,38.72,Sep-26,66.0,37.08,169,NordicDerivatives-pretrade-2026-07-14T1724
2026-07-14,HMB,23.78,23.74,162.98,07-Aug-26,24.0,24.25,14-Aug-26,31.0,23.72,242,NordicDerivatives-pretrade-2026-07-14T1724
2026-07-14,HUH,31.83,29.12,26.16,Aug-26,38.0,30.10,Sep-26,66.0,27.12,19,NordicDerivatives-pretrade-2026-07-14T1724
2026-07-14,HUSQB,46.49,46.53,36.41,Aug-26,38.0,44.71,Sep-26,66.0,41.72,103,NordicDerivatives-pretrade-2026-07-14T1724
2026-07-14,INDUC,19.31,20.16,532.80,Aug-26,38.0,18.99,Sep-26,66.0,18.47,103,NordicDerivatives-pretrade-2026-07-14T1724
2026-07-14,INVEB,19.92,18.13,395.27,Aug-26,38.0,19.89,Sep-26,66.0,19.85,98,NordicDerivatives-pretrade-2026-07-14T1724
2026-07-14,JM,40.67,40.07,121.42,Aug-26,38.0,39.39,Dec-26,157.0,35.50,26,NordicDerivatives-pretrade-2026-07-14T1724
2026-07-14,KCR,47.81,47.31,26.96,Aug-26,38.0,44.88,Sep-26,66.0,39.78,43,NordicDerivatives-pretrade-2026-07-14T1724
2026-07-14,KEMIRA,31.96,29.25,16.91,Aug-26,38.0,30.29,Sep-26,66.0,27.42,25,NordicDerivatives-pretrade-2026-07-14T1724
2026-07-14,KESKOB,26.38,24.27,19.52,Aug-26,38.0,24.63,Sep-26,66.0,21.56,30,NordicDerivatives-pretrade-2026-07-14T1724
2026-07-14,KINB,35.69,34.55,52.09,Aug-26,38.0,36.30,Sep-26,66.0,37.25,123,NordicDerivatives-pretrade-2026-07-14T1724
2026-07-14,KNEB,31.55,25.61,49.45,Sep-26,66.0,26.17,Oct-26,94.0,24.65,20,NordicDerivatives-pretrade-2026-07-14T1724
2026-07-14,LATOB,31.73,27.82,193.34,Aug-26,38.0,30.36,Sep-26,66.0,28.04,56,NordicDerivatives-pretrade-2026-07-14T1724
2026-07-14,LIFCOB,23.89,23.20,333.75,Aug-26,38.0,23.40,Sep-26,66.0,22.60,39,NordicDerivatives-pretrade-2026-07-14T1724
2026-07-14,LUMI,52.79,53.05,243.42,Aug-26,38.0,52.81,Sep-26,66.0,52.84,195,NordicDerivatives-pretrade-2026-07-14T1724
2026-07-14,METSO,40.14,,15.58,Aug-26,38.0,39.28,Sep-26,66.0,37.89,25,NordicDerivatives-pretrade-2026-07-14T1724
2026-07-14,NCC,28.54,27.95,170.94,Aug-26,38.0,28.01,Sep-26,66.0,27.16,66,NordicDerivatives-pretrade-2026-07-14T1724
2026-07-14,NDAFI,26.40,27.62,16.79,Aug-26,38.0,25.29,Sep-26,66.0,23.42,19,NordicDerivatives-pretrade-2026-07-14T1724
2026-07-14,NDASE,22.66,27.53,186.50,07-Aug-26,24.0,25.31,14-Aug-26,31.0,22.29,272,NordicDerivatives-pretrade-2026-07-14T1724
2026-07-14,NESTE,54.62,55.22,31.03,Aug-26,38.0,53.14,Sep-26,66.0,50.71,145,NordicDerivatives-pretrade-2026-07-14T1724
2026-07-14,NEWAB,42.46,42.41,92.81,Aug-26,38.0,39.66,Sep-26,66.0,34.74,96,NordicDerivatives-pretrade-2026-07-14T1724
2026-07-14,NIBE,34.52,37.45,36.20,07-Aug-26,24.0,33.79,14-Aug-26,31.0,34.61,119,NordicDerivatives-pretrade-2026-07-14T1724
2026-07-14,NOA,77.23,75.12,10.23,Aug-26,38.0,75.35,Sep-26,66.0,72.27,52,NordicDerivatives-pretrade-2026-07-14T1724
2026-07-14,NOBA,43.15,41.26,86.66,Aug-26,38.0,40.82,Sep-26,66.0,36.80,53,NordicDerivatives-pretrade-2026-07-14T1724
2026-07-14,NOKI,75.24,79.41,112.85,Aug-26,38.0,73.39,Sep-26,66.0,70.34,201,NordicDerivatives-pretrade-2026-07-14T1724
2026-07-14,OMXS30,15.07,14.96,3161.40,07-Aug-26,24.0,14.90,14-Aug-26,31.0,15.09,319,NordicDerivatives-pretrade-2026-07-14T1724
2026-07-14,ORNB,41.50,39.37,67.72,Aug-26,38.0,38.85,Sep-26,66.0,34.20,33,NordicDerivatives-pretrade-2026-07-14T1724
2026-07-14,SAAB,45.79,49.04,525.92,07-Aug-26,24.0,47.49,14-Aug-26,31.0,45.57,244,NordicDerivatives-pretrade-2026-07-14T1724
2026-07-14,SAGAB,25.22,27.08,166.95,Aug-26,38.0,25.60,Sep-26,66.0,26.21,42,NordicDerivatives-pretrade-2026-07-14T1724
2026-07-14,SAND,31.83,32.83,390.74,07-Aug-26,24.0,31.93,14-Aug-26,31.0,31.82,158,NordicDerivatives-pretrade-2026-07-14T1724
2026-07-14,SAVE,29.60,28.07,372.85,Aug-26,38.0,28.28,Sep-26,66.0,26.05,42,NordicDerivatives-pretrade-2026-07-14T1724
2026-07-14,SBBB,49.25,56.49,3.73,Aug-26,38.0,51.98,Sep-26,66.0,56.05,99,NordicDerivatives-pretrade-2026-07-14T1724
2026-07-14,SCAB,30.82,29.67,99.35,Aug-26,38.0,29.10,Sep-26,66.0,26.14,122,NordicDerivatives-pretrade-2026-07-14T1724
2026-07-14,SEBA,22.56,22.33,202.97,07-Aug-26,24.0,23.66,14-Aug-26,31.0,22.41,270,NordicDerivatives-pretrade-2026-07-14T1724
2026-07-14,SECUB,27.19,26.72,161.54,Aug-26,38.0,25.91,Sep-26,66.0,23.73,145,NordicDerivatives-pretrade-2026-07-14T1724
2026-07-14,SHBA,24.41,23.68,143.97,07-Aug-26,24.0,25.59,14-Aug-26,31.0,24.26,170,NordicDerivatives-pretrade-2026-07-14T1724
2026-07-14,SINCH,70.69,72.86,39.54,Aug-26,38.0,67.41,Sep-26,66.0,61.83,150,NordicDerivatives-pretrade-2026-07-14T1724
2026-07-14,SKAB,30.72,29.66,250.20,Aug-26,38.0,29.69,Sep-26,66.0,27.99,153,NordicDerivatives-pretrade-2026-07-14T1724
2026-07-14,SKFB,32.57,34.12,259.45,07-Aug-26,24.0,34.70,14-Aug-26,31.0,32.29,218,NordicDerivatives-pretrade-2026-07-14T1724
2026-07-14,SOBI,30.90,31.63,454.73,Aug-26,38.0,30.45,Sep-26,66.0,29.73,87,NordicDerivatives-pretrade-2026-07-14T1724
2026-07-14,SSABA,40.42,40.48,100.62,07-Aug-26,24.0,41.97,14-Aug-26,31.0,40.22,266,NordicDerivatives-pretrade-2026-07-14T1724
2026-07-14,SSABB,37.58,40.39,100.19,Aug-26,38.0,33.87,Sep-26,66.0,26.92,20,NordicDerivatives-pretrade-2026-07-14T1724
2026-07-14,STE,37.96,38.67,9.32,Aug-26,38.0,36.50,Sep-26,66.0,34.04,14,NordicDerivatives-pretrade-2026-07-14T1724
2026-07-14,STER,34.23,34.45,102.74,Aug-26,38.0,34.44,Sep-26,66.0,34.77,131,NordicDerivatives-pretrade-2026-07-14T1724
2026-07-14,SWEDA,23.22,22.87,365.69,07-Aug-26,24.0,24.43,14-Aug-26,31.0,23.05,243,NordicDerivatives-pretrade-2026-07-14T1724
2026-07-14,TIETO,37.26,37.49,17.95,Aug-26,38.0,35.08,Sep-26,66.0,31.32,46,NordicDerivatives-pretrade-2026-07-14T1724
2026-07-14,TLSN,23.49,26.77,46.50,07-Aug-26,24.0,25.65,14-Aug-26,31.0,23.20,252,NordicDerivatives-pretrade-2026-07-14T1724
2026-07-14,TRA,38.66,38.38,381.40,Aug-26,38.0,37.58,Sep-26,66.0,35.79,106,NordicDerivatives-pretrade-2026-07-14T1724
2026-07-14,TRELB,28.26,27.24,411.89,Aug-26,38.0,27.45,Sep-26,66.0,26.12,154,NordicDerivatives-pretrade-2026-07-14T1724
2026-07-14,TYRES,43.47,41.97,13.11,Aug-26,38.0,40.77,Sep-26,66.0,36.05,87,NordicDerivatives-pretrade-2026-07-14T1724
2026-07-14,UPM,29.73,28.28,23.35,Aug-26,38.0,28.84,Sep-26,66.0,27.35,21,NordicDerivatives-pretrade-2026-07-14T1724
2026-07-14,VALMT,37.39,39.77,21.57,Aug-26,38.0,35.36,Sep-26,66.0,31.87,35,NordicDerivatives-pretrade-2026-07-14T1724
2026-07-14,VCAR,66.15,64.30,20.23,Aug-26,38.0,60.41,Sep-26,66.0,49.95,55,NordicDerivatives-pretrade-2026-07-14T1724
2026-07-14,VOLVB,28.54,28.27,336.60,07-Aug-26,24.0,29.75,14-Aug-26,31.0,28.38,269,NordicDerivatives-pretrade-2026-07-14T1724
2026-07-14,VSURE,49.65,49.05,10.10,Aug-26,38.0,48.14,Sep-26,66.0,45.64,119,NordicDerivatives-pretrade-2026-07-14T1724
2026-07-14,WRT,50.62,49.29,30.27,Aug-26,38.0,47.85,Sep-26,66.0,43.08,28,NordicDerivatives-pretrade-2026-07-14T1724
2026-07-15,ABB,35.40,37.04,998.60,14-Aug-26,30.0,35.40,Aug-26,37.0,36.10,207,NordicDerivatives-pretrade-2026-07-15T1724
2026-07-15,ADDTB,25.70,23.34,340.95,Aug-26,37.0,24.69,Sep-26,65.0,22.72,35,NordicDerivatives-pretrade-2026-07-15T1724
2026-07-15,ALFA,28.49,30.71,561.78,Aug-26,37.0,26.96,Sep-26,65.0,23.89,84,NordicDerivatives-pretrade-2026-07-15T1724
2026-07-15,ASSAB,26.63,25.51,331.51,Aug-26,37.0,25.28,Sep-26,65.0,22.58,62,NordicDerivatives-pretrade-2026-07-15T1724
2026-07-15,ATCOA,35.91,38.36,187.20,14-Aug-26,30.0,35.91,Aug-26,37.0,35.39,232,NordicDerivatives-pretrade-2026-07-15T1724
2026-07-15,ATCOB,32.91,38.81,165.00,Aug-26,37.0,30.92,Sep-26,65.0,26.87,38,NordicDerivatives-pretrade-2026-07-15T1724
2026-07-15,AXFO,15.77,22.40,229.03,Aug-26,37.0,17.76,Sep-26,65.0,20.94,67,NordicDerivatives-pretrade-2026-07-15T1724
2026-07-15,AZN,27.74,30.61,1627.71,14-Aug-26,30.0,27.74,Aug-26,37.0,31.59,217,NordicDerivatives-pretrade-2026-07-15T1724
2026-07-15,BETSB,42.14,46.50,91.11,Aug-26,37.0,40.93,Sep-26,65.0,38.60,122,NordicDerivatives-pretrade-2026-07-15T1724
2026-07-15,BILL,46.56,45.55,62.20,Aug-26,37.0,43.99,Sep-26,65.0,38.82,119,NordicDerivatives-pretrade-2026-07-15T1724
2026-07-15,BOLI,45.49,47.62,518.88,14-Aug-26,30.0,45.49,Aug-26,37.0,48.20,276,NordicDerivatives-pretrade-2026-07-15T1724
2026-07-15,BONEX,52.15,56.00,219.60,Aug-26,37.0,51.62,Sep-26,65.0,50.63,31,NordicDerivatives-pretrade-2026-07-15T1724
2026-07-15,CAST,24.78,23.24,131.18,Aug-26,37.0,26.34,Sep-26,65.0,29.01,160,NordicDerivatives-pretrade-2026-07-15T1724
2026-07-15,DOM,38.20,48.67,23.17,Aug-26,37.0,39.52,Sep-26,65.0,41.84,99,NordicDerivatives-pretrade-2026-07-15T1724
2026-07-15,EKTAB,31.50,31.99,47.75,Aug-26,37.0,34.98,Sep-26,65.0,40.64,82,NordicDerivatives-pretrade-2026-07-15T1724
2026-07-15,ELUXB,50.91,60.90,25.25,Aug-26,37.0,50.80,Oct-26,93.0,50.51,94,NordicDerivatives-pretrade-2026-07-15T1724
2026-07-15,EPIA,35.53,35.88,254.10,Aug-26,37.0,34.47,Sep-26,65.0,32.43,83,NordicDerivatives-pretrade-2026-07-15T1724
2026-07-15,EQT,37.52,39.45,290.69,14-Aug-26,30.0,37.52,Aug-26,37.0,37.95,195,NordicDerivatives-pretrade-2026-07-15T1724
2026-07-15,ERICB,29.65,29.76,97.53,14-Aug-26,30.0,29.65,Aug-26,37.0,30.13,234,NordicDerivatives-pretrade-2026-07-15T1724
2026-07-15,ESSITB,28.19,26.32,280.01,Aug-26,37.0,26.00,Sep-26,65.0,21.38,63,NordicDerivatives-pretrade-2026-07-15T1724
2026-07-15,EVO,31.71,38.26,702.45,14-Aug-26,30.0,31.71,Aug-26,37.0,36.76,183,NordicDerivatives-pretrade-2026-07-15T1724
2026-07-15,FABG,11.16,26.02,75.54,Oct-26,93.0,20.36,Dec-26,156.0,21.69,15,NordicDerivatives-pretrade-2026-07-15T1724
2026-07-15,GETIB,32.58,32.82,206.87,Aug-26,37.0,31.54,Sep-26,65.0,29.54,108,NordicDerivatives-pretrade-2026-07-15T1724
2026-07-15,HEXB,35.08,36.21,80.60,Aug-26,37.0,33.63,Sep-26,65.0,30.77,96,NordicDerivatives-pretrade-2026-07-15T1724
2026-07-15,HMB,21.52,23.91,162.55,14-Aug-26,30.0,21.52,Aug-26,37.0,25.43,153,NordicDerivatives-pretrade-2026-07-15T1724
2026-07-15,HOLMB,22.99,21.95,304.26,Aug-26,37.0,22.69,Sep-26,65.0,22.12,160,NordicDerivatives-pretrade-2026-07-15T1724
2026-07-15,HUSQB,32.06,43.53,36.99,Aug-26,37.0,30.92,Dec-26,156.0,26.89,24,NordicDerivatives-pretrade-2026-07-15T1724
2026-07-15,INDUC,20.86,19.79,528.65,Aug-26,37.0,20.83,Sep-26,65.0,20.78,137,NordicDerivatives-pretrade-2026-07-15T1724
2026-07-15,INVEB,18.93,18.86,393.39,Aug-26,37.0,18.74,Sep-26,65.0,18.37,84,NordicDerivatives-pretrade-2026-07-15T1724
2026-07-15,KCR,42.53,46.61,26.90,Aug-26,37.0,40.57,Oct-26,93.0,35.00,16,NordicDerivatives-pretrade-2026-07-15T1724
2026-07-15,KINB,36.00,34.37,51.66,Aug-26,37.0,35.90,Sep-26,65.0,35.70,114,NordicDerivatives-pretrade-2026-07-15T1724
2026-07-15,LATOB,27.31,27.12,194.50,Aug-26,37.0,27.47,Sep-26,65.0,27.76,54,NordicDerivatives-pretrade-2026-07-15T1724
2026-07-15,LIFCOB,17.93,22.56,329.59,Aug-26,37.0,19.36,Sep-26,65.0,21.76,28,NordicDerivatives-pretrade-2026-07-15T1724
2026-07-15,LUMI,52.88,52.94,237.99,Aug-26,37.0,52.90,Sep-26,65.0,52.92,197,NordicDerivatives-pretrade-2026-07-15T1724
2026-07-15,NCC,23.58,25.50,173.86,Aug-26,37.0,24.51,Sep-26,65.0,26.14,74,NordicDerivatives-pretrade-2026-07-15T1724
2026-07-15,NDASE,23.38,28.01,185.88,14-Aug-26,30.0,23.38,Aug-26,37.0,22.98,175,NordicDerivatives-pretrade-2026-07-15T1724
2026-07-15,NESTE,44.18,55.42,31.11,Aug-26,37.0,42.44,Sep-26,65.0,39.01,15,NordicDerivatives-pretrade-2026-07-15T1724
2026-07-15,NEWAB,37.69,42.62,92.96,Aug-26,37.0,36.72,Sep-26,65.0,34.87,94,NordicDerivatives-pretrade-2026-07-15T1724
2026-07-15,NOKI,76.22,82.75,108.29,Aug-26,37.0,74.07,Sep-26,65.0,69.95,201,NordicDerivatives-pretrade-2026-07-15T1724
2026-07-15,OCTV,38.41,55.18,160.54,Aug-26,37.0,40.15,Sep-26,65.0,43.17,63,NordicDerivatives-pretrade-2026-07-15T1724
2026-07-15,OMXS30,14.85,15.45,3155.15,14-Aug-26,30.0,14.85,Aug-26,37.0,15.22,282,NordicDerivatives-pretrade-2026-07-15T1724
2026-07-15,SAAB,45.27,47.83,522.57,07-Aug-26,23.0,43.18,Aug-26,37.0,46.53,166,NordicDerivatives-pretrade-2026-07-15T1724
2026-07-15,SAGAB,23.66,25.15,170.08,Aug-26,37.0,24.42,Sep-26,65.0,25.76,42,NordicDerivatives-pretrade-2026-07-15T1724
2026-07-15,SAND,32.29,32.91,384.23,14-Aug-26,30.0,32.29,Aug-26,37.0,32.48,197,NordicDerivatives-pretrade-2026-07-15T1724
2026-07-15,SAVE,29.26,28.32,371.48,Aug-26,37.0,28.44,Sep-26,65.0,26.88,61,NordicDerivatives-pretrade-2026-07-15T1724
2026-07-15,SCAB,28.11,29.11,100.29,Aug-26,37.0,27.63,Sep-26,65.0,26.72,115,NordicDerivatives-pretrade-2026-07-15T1724
2026-07-15,SECUB,25.40,26.33,162.10,Aug-26,37.0,24.33,Sep-26,65.0,22.21,141,NordicDerivatives-pretrade-2026-07-15T1724
2026-07-15,SHBA,15.97,18.19,138.59,24-Jul-26,9.0,18.49,Aug-26,37.0,15.75,55,NordicDerivatives-pretrade-2026-07-15T1724
2026-07-15,SINCH,71.08,73.65,39.50,Aug-26,37.0,67.36,Sep-26,65.0,59.91,120,NordicDerivatives-pretrade-2026-07-15T1724
2026-07-15,SIVE,177.18,220.94,38.51,Aug-26,37.0,175.78,Sep-26,65.0,173.18,203,NordicDerivatives-pretrade-2026-07-15T1724
2026-07-15,SKAB,29.76,30.10,253.74,Aug-26,37.0,29.04,Sep-26,65.0,27.66,153,NordicDerivatives-pretrade-2026-07-15T1724
2026-07-15,SKFB,31.25,33.44,260.85,14-Aug-26,30.0,31.25,Aug-26,37.0,33.41,190,NordicDerivatives-pretrade-2026-07-15T1724
2026-07-15,SOBI,21.84,31.93,456.54,Aug-26,37.0,23.77,Sep-26,65.0,26.97,29,NordicDerivatives-pretrade-2026-07-15T1724
2026-07-15,SSABA,35.69,40.11,100.30,14-Aug-26,30.0,35.69,Aug-26,37.0,40.26,213,NordicDerivatives-pretrade-2026-07-15T1724
2026-07-15,SSABB,38.58,40.43,99.79,Aug-26,37.0,37.28,Sep-26,65.0,34.77,57,NordicDerivatives-pretrade-2026-07-15T1724
2026-07-15,STER,36.09,34.73,103.45,24-Jul-26,9.0,49.24,Aug-26,37.0,34.81,167,NordicDerivatives-pretrade-2026-07-15T1724
2026-07-15,SWEDA,21.93,22.68,366.48,14-Aug-26,30.0,21.93,Aug-26,37.0,23.28,218,NordicDerivatives-pretrade-2026-07-15T1724
2026-07-15,TLSN,25.83,,45.87,24-Jul-26,9.0,21.23,Aug-26,37.0,26.17,111,NordicDerivatives-pretrade-2026-07-15T1724
2026-07-15,TRA,36.80,36.86,392.91,Aug-26,37.0,35.95,Sep-26,65.0,34.34,101,NordicDerivatives-pretrade-2026-07-15T1724
2026-07-15,TRELB,28.44,27.63,411.82,Aug-26,37.0,27.71,Sep-26,65.0,26.31,149,NordicDerivatives-pretrade-2026-07-15T1724
2026-07-15,VALMT,38.50,44.46,21.41,Oct-26,93.0,28.22,Dec-26,156.0,25.78,12,NordicDerivatives-pretrade-2026-07-15T1724
2026-07-15,VOLVB,28.47,29.01,337.98,14-Aug-26,30.0,28.47,Aug-26,37.0,28.57,264,NordicDerivatives-pretrade-2026-07-15T1724
2026-07-15,VSURE,47.73,48.52,10.18,Aug-26,37.0,46.96,Sep-26,65.0,45.52,121,NordicDerivatives-pretrade-2026-07-15T1724
2026-07-15,WRT,41.49,49.10,30.20,Aug-26,37.0,40.84,Sep-26,65.0,39.61,15,NordicDerivatives-pretrade-2026-07-15T1724
2026-07-16,ABB,28.15,30.05,941.32,14-Aug-26,29.0,27.76,Aug-26,36.0,29.96,189,NordicDerivatives-pretrade-2026-07-16T1724
2026-07-16,ADDTB,22.83,22.39,350.92,Aug-26,36.0,23.24,Sep-26,64.0,24.13,49,NordicDerivatives-pretrade-2026-07-16T1724
2026-07-16,ALFA,31.84,30.34,565.35,Aug-26,36.0,30.38,Sep-26,64.0,26.93,102,NordicDerivatives-pretrade-2026-07-16T1724
2026-07-16,ASSAB,24.01,25.00,333.06,Aug-26,36.0,23.87,Sep-26,64.0,23.58,68,NordicDerivatives-pretrade-2026-07-16T1724
2026-07-16,ATCOA,28.29,28.89,194.75,14-Aug-26,29.0,28.07,Aug-26,36.0,29.34,222,NordicDerivatives-pretrade-2026-07-16T1724
2026-07-16,ATCOB,21.98,28.24,172.43,Aug-26,36.0,20.63,Sep-26,64.0,17.34,23,NordicDerivatives-pretrade-2026-07-16T1724
2026-07-16,AXFO,22.00,18.87,229.08,Aug-26,36.0,20.92,Sep-26,64.0,18.34,66,NordicDerivatives-pretrade-2026-07-16T1724
2026-07-16,AZN,24.13,30.20,1641.73,14-Aug-26,29.0,22.56,Aug-26,36.0,30.59,175,NordicDerivatives-pretrade-2026-07-16T1724
2026-07-16,BETSB,41.87,43.86,90.74,Aug-26,36.0,40.45,Sep-26,64.0,37.14,125,NordicDerivatives-pretrade-2026-07-16T1724
2026-07-16,BILL,42.97,45.92,64.31,Aug-26,36.0,40.84,Sep-26,64.0,35.74,66,NordicDerivatives-pretrade-2026-07-16T1724
2026-07-16,BOLI,44.69,47.22,515.20,14-Aug-26,29.0,44.23,Aug-26,36.0,46.85,262,NordicDerivatives-pretrade-2026-07-16T1724
2026-07-16,BONEX,36.27,49.75,208.05,Aug-26,36.0,38.49,Oct-26,92.0,44.57,16,NordicDerivatives-pretrade-2026-07-16T1724
2026-07-16,CAST,25.64,23.46,129.98,Aug-26,36.0,25.45,Sep-26,64.0,25.05,112,NordicDerivatives-pretrade-2026-07-16T1724
2026-07-16,DOM,37.64,49.51,23.00,Aug-26,36.0,39.05,Sep-26,64.0,41.96,80,NordicDerivatives-pretrade-2026-07-16T1724
2026-07-16,EKTAB,33.67,31.99,47.77,Aug-26,36.0,37.59,Sep-26,64.0,44.97,106,NordicDerivatives-pretrade-2026-07-16T1724
2026-07-16,ELISA,15.06,22.00,34.55,Sep-26,64.0,19.52,Oct-26,92.0,20.56,12,NordicDerivatives-pretrade-2026-07-16T1724
2026-07-16,ELUXB,32.65,62.74,24.60,Aug-26,36.0,36.93,Oct-26,92.0,47.64,84,NordicDerivatives-pretrade-2026-07-16T1724
2026-07-16,EPIA,35.11,35.82,249.99,Aug-26,36.0,34.29,Sep-26,64.0,32.41,75,NordicDerivatives-pretrade-2026-07-16T1724
2026-07-16,EQT,39.95,39.80,286.79,Aug-26,36.0,39.02,Sep-26,64.0,36.90,113,NordicDerivatives-pretrade-2026-07-16T1724
2026-07-16,ERICB,28.09,28.21,95.97,14-Aug-26,29.0,27.81,Aug-26,36.0,29.45,229,NordicDerivatives-pretrade-2026-07-16T1724
2026-07-16,ESSITB,20.70,19.98,273.35,Aug-26,36.0,20.27,Sep-26,64.0,19.29,113,NordicDerivatives-pretrade-2026-07-16T1724
2026-07-16,EVO,34.68,35.27,688.92,14-Aug-26,29.0,34.69,Aug-26,36.0,34.62,184,NordicDerivatives-pretrade-2026-07-16T1724
2026-07-16,GETIB,31.64,32.08,210.70,Aug-26,36.0,30.94,Sep-26,64.0,29.35,93,NordicDerivatives-pretrade-2026-07-16T1724
2026-07-16,HEXB,32.88,35.30,80.49,Aug-26,36.0,32.78,Sep-26,64.0,32.56,132,NordicDerivatives-pretrade-2026-07-16T1724
2026-07-16,HMB,24.90,23.99,163.76,24-Jul-26,8.0,18.15,Aug-26,36.0,25.25,120,NordicDerivatives-pretrade-2026-07-16T1724
2026-07-16,HOLMB,23.16,21.43,306.05,Aug-26,36.0,22.98,Sep-26,64.0,22.58,160,NordicDerivatives-pretrade-2026-07-16T1724
2026-07-16,HUSQB,44.09,42.68,37.65,Aug-26,36.0,43.28,Sep-26,64.0,41.44,182,NordicDerivatives-pretrade-2026-07-16T1724
2026-07-16,INDUC,17.54,19.42,527.58,Aug-26,36.0,17.68,Sep-26,64.0,17.98,88,NordicDerivatives-pretrade-2026-07-16T1724
2026-07-16,INVEB,17.21,16.69,395.01,Aug-26,36.0,17.31,Sep-26,64.0,17.54,75,NordicDerivatives-pretrade-2026-07-16T1724
2026-07-16,KINB,34.31,34.93,51.54,Aug-26,36.0,34.67,Sep-26,64.0,35.44,112,NordicDerivatives-pretrade-2026-07-16T1724
2026-07-16,LATOB,26.49,26.30,197.90,Aug-26,36.0,26.68,Sep-26,64.0,27.09,52,NordicDerivatives-pretrade-2026-07-16T1724
2026-07-16,LIFCOB,18.70,20.85,336.16,Aug-26,36.0,18.67,Sep-26,64.0,18.60,23,NordicDerivatives-pretrade-2026-07-16T1724
2026-07-16,LUMI,52.33,52.68,231.90,Aug-26,36.0,52.52,Sep-26,64.0,52.93,195,NordicDerivatives-pretrade-2026-07-16T1724
2026-07-16,NCC,25.70,25.41,171.69,Aug-26,36.0,25.77,Sep-26,64.0,25.91,76,NordicDerivatives-pretrade-2026-07-16T1724
2026-07-16,NDASE,20.00,22.78,187.88,14-Aug-26,29.0,19.77,Aug-26,36.0,21.06,127,NordicDerivatives-pretrade-2026-07-16T1724
2026-07-16,NEWAB,37.62,42.12,93.82,Aug-26,36.0,36.76,Sep-26,64.0,34.80,92,NordicDerivatives-pretrade-2026-07-16T1724
2026-07-16,NOKI,76.09,74.57,100.41,Aug-26,36.0,75.78,Sep-26,64.0,75.09,336,NordicDerivatives-pretrade-2026-07-16T1724
2026-07-16,NOKIA,65.00,75.70,100.66,07-Aug-26,22.0,70.72,14-Aug-26,29.0,65.57,138,NordicDerivatives-pretrade-2026-07-16T1724
2026-07-16,OCTV,48.68,54.21,160.20,Aug-26,36.0,48.55,Sep-26,64.0,48.29,83,NordicDerivatives-pretrade-2026-07-16T1724
2026-07-16,OMXS30,27.03,16.63,3135.94,14-Aug-26,29.0,26.72,Aug-26,36.0,28.53,555,NordicDerivatives-pretrade-2026-07-16T1724
2026-07-16,SAAB,45.03,47.60,518.12,14-Aug-26,29.0,44.81,Aug-26,36.0,46.11,193,NordicDerivatives-pretrade-2026-07-16T1724
2026-07-16,SAGAB,20.71,23.37,172.36,Aug-26,36.0,21.91,Sep-26,64.0,24.33,30,NordicDerivatives-pretrade-2026-07-16T1724
2026-07-16,SAND,32.65,33.18,376.33,14-Aug-26,29.0,32.66,Aug-26,36.0,32.60,201,NordicDerivatives-pretrade-2026-07-16T1724
2026-07-16,SAVE,29.39,29.53,369.52,Aug-26,36.0,28.72,Sep-26,64.0,27.20,39,NordicDerivatives-pretrade-2026-07-16T1724
2026-07-16,SCAB,28.35,28.97,101.06,Aug-26,36.0,27.80,Sep-26,64.0,26.55,113,NordicDerivatives-pretrade-2026-07-16T1724
2026-07-16,SEBA,18.10,18.48,216.00,07-Aug-26,22.0,16.62,Aug-26,36.0,18.74,135,NordicDerivatives-pretrade-2026-07-16T1724
2026-07-16,SECUB,26.31,26.40,163.23,Aug-26,36.0,25.00,Sep-26,64.0,21.87,102,NordicDerivatives-pretrade-2026-07-16T1724
2026-07-16,SHBA,17.17,14.51,140.51,Sep-26,64.0,18.14,Oct-26,92.0,18.40,73,NordicDerivatives-pretrade-2026-07-16T1724
2026-07-16,SINCH,70.34,71.91,39.54,Aug-26,36.0,67.20,Sep-26,64.0,59.76,141,NordicDerivatives-pretrade-2026-07-16T1724
2026-07-16,SKAB,29.77,29.69,252.89,Aug-26,36.0,29.02,Sep-26,64.0,27.33,144,NordicDerivatives-pretrade-2026-07-16T1724
2026-07-16,SKFB,31.69,32.24,262.40,14-Aug-26,29.0,31.61,Aug-26,36.0,32.05,205,NordicDerivatives-pretrade-2026-07-16T1724
2026-07-16,SOBI,27.08,27.17,466.01,Aug-26,36.0,27.09,Sep-26,64.0,27.13,93,NordicDerivatives-pretrade-2026-07-16T1724
2026-07-16,SSABA,31.12,40.01,100.25,14-Aug-26,29.0,30.41,Aug-26,36.0,34.37,72,NordicDerivatives-pretrade-2026-07-16T1724
2026-07-16,SSABB,29.17,39.77,99.81,Aug-26,36.0,30.28,Sep-26,64.0,32.59,34,NordicDerivatives-pretrade-2026-07-16T1724
2026-07-16,STER,34.53,34.15,104.49,Aug-26,36.0,34.65,Sep-26,64.0,34.90,119,NordicDerivatives-pretrade-2026-07-16T1724
2026-07-16,SWEDA,21.89,22.23,371.80,14-Aug-26,29.0,21.57,Aug-26,36.0,23.34,200,NordicDerivatives-pretrade-2026-07-16T1724
2026-07-16,TRA,36.23,36.49,391.22,Aug-26,36.0,35.59,Sep-26,64.0,34.16,103,NordicDerivatives-pretrade-2026-07-16T1724
2026-07-16,TRELB,23.92,25.05,414.75,Aug-26,36.0,23.91,Sep-26,64.0,23.89,125,NordicDerivatives-pretrade-2026-07-16T1724
2026-07-16,TYRES,39.93,28.36,12.88,Oct-26,92.0,30.74,Dec-26,155.0,28.58,37,NordicDerivatives-pretrade-2026-07-16T1724
2026-07-16,VOLVB,28.65,27.74,340.15,Aug-26,36.0,28.18,Sep-26,64.0,27.13,150,NordicDerivatives-pretrade-2026-07-16T1724
2026-07-16,VSURE,44.18,41.83,10.64,Aug-26,36.0,43.56,Sep-26,64.0,42.18,121,NordicDerivatives-pretrade-2026-07-16T1724
2026-07-17,ABB,28.52,28.47,943.54,14-Aug-26,28.0,28.55,Aug-26,35.0,28.47,223,NordicDerivatives-pretrade-2026-07-17T1724
2026-07-17,ADDTB,24.52,23.71,341.61,Aug-26,35.0,24.69,Sep-26,63.0,25.14,48,NordicDerivatives-pretrade-2026-07-17T1724
2026-07-17,ALFA,26.01,29.49,562.31,Aug-26,35.0,25.77,Sep-26,63.0,25.10,22,NordicDerivatives-pretrade-2026-07-17T1724
2026-07-17,ASSAB,21.48,21.18,347.80,Aug-26,35.0,21.53,Sep-26,63.0,21.69,67,NordicDerivatives-pretrade-2026-07-17T1724
2026-07-17,ATCOA,24.40,26.49,194.80,14-Aug-26,28.0,24.45,Aug-26,35.0,24.28,162,NordicDerivatives-pretrade-2026-07-17T1724
2026-07-17,ATCOB,23.82,26.45,172.89,Aug-26,35.0,23.47,Sep-26,63.0,22.50,32,NordicDerivatives-pretrade-2026-07-17T1724
2026-07-17,AXFO,23.21,26.38,229.49,Sep-26,63.0,21.08,Oct-26,91.0,20.44,121,NordicDerivatives-pretrade-2026-07-17T1724
2026-07-17,AZA,16.11,27.20,381.08,Aug-26,35.0,18.52,Oct-26,91.0,25.53,16,NordicDerivatives-pretrade-2026-07-17T1724
2026-07-17,AZN,22.82,29.02,1636.21,14-Aug-26,28.0,21.62,Aug-26,35.0,25.07,146,NordicDerivatives-pretrade-2026-07-17T1724
2026-07-17,BILL,35.70,31.68,68.56,Aug-26,35.0,32.72,Sep-26,63.0,22.95,94,NordicDerivatives-pretrade-2026-07-17T1724
2026-07-17,BOLI,44.56,47.61,501.40,14-Aug-26,28.0,43.74,Aug-26,35.0,46.17,193,NordicDerivatives-pretrade-2026-07-17T1724
2026-07-17,BONEX,36.30,48.56,199.23,Aug-26,35.0,37.67,Oct-26,91.0,42.35,14,NordicDerivatives-pretrade-2026-07-17T1724
2026-07-17,CAST,21.39,21.56,130.68,Aug-26,35.0,21.65,Sep-26,63.0,22.33,65,NordicDerivatives-pretrade-2026-07-17T1724
2026-07-17,DOM,33.55,44.39,22.82,Aug-26,35.0,34.43,Sep-26,63.0,36.67,56,NordicDerivatives-pretrade-2026-07-17T1724
2026-07-17,EKTAB,28.28,33.64,46.92,Aug-26,35.0,28.88,Sep-26,63.0,30.42,40,NordicDerivatives-pretrade-2026-07-17T1724
2026-07-17,ELUXB,58.29,,23.89,Aug-26,35.0,54.79,Sep-26,63.0,44.14,91,NordicDerivatives-pretrade-2026-07-17T1724
2026-07-17,EMBRAC,50.84,59.42,66.06,Aug-26,35.0,51.62,Sep-26,63.0,53.65,123,NordicDerivatives-pretrade-2026-07-17T1724
2026-07-17,EPIA,32.61,37.75,233.78,Aug-26,35.0,32.01,Sep-26,63.0,30.36,77,NordicDerivatives-pretrade-2026-07-17T1724
2026-07-17,EQT,32.45,32.31,319.83,Aug-26,35.0,32.19,Sep-26,63.0,31.46,136,NordicDerivatives-pretrade-2026-07-17T1724
2026-07-17,ERICB,26.62,28.83,95.54,14-Aug-26,28.0,25.65,Aug-26,35.0,28.47,181,NordicDerivatives-pretrade-2026-07-17T1724
2026-07-17,ESSITB,18.60,18.63,282.66,Aug-26,35.0,18.42,Sep-26,63.0,17.95,44,NordicDerivatives-pretrade-2026-07-17T1724
2026-07-17,EVO,20.17,26.58,689.76,31-Jul-26,14.0,20.31,Aug-26,35.0,20.15,43,NordicDerivatives-pretrade-2026-07-17T1724
2026-07-17,GETIB,25.18,24.74,233.53,Aug-26,35.0,24.42,Sep-26,63.0,22.26,62,NordicDerivatives-pretrade-2026-07-17T1724
2026-07-17,HEXB,26.24,34.99,78.96,Aug-26,35.0,25.82,Oct-26,91.0,24.19,14,NordicDerivatives-pretrade-2026-07-17T1724
2026-07-17,HMB,23.30,23.51,164.20,Aug-26,35.0,23.38,Sep-26,63.0,23.57,63,NordicDerivatives-pretrade-2026-07-17T1724
2026-07-17,HOLMB,22.50,20.71,309.40,Aug-26,35.0,22.27,Sep-26,63.0,21.65,160,NordicDerivatives-pretrade-2026-07-17T1724
2026-07-17,INDUC,20.59,19.86,518.95,Aug-26,35.0,20.73,Sep-26,63.0,21.09,138,NordicDerivatives-pretrade-2026-07-17T1724
2026-07-17,INVEB,16.44,11.33,396.53,Aug-26,35.0,16.84,Sep-26,63.0,17.86,67,NordicDerivatives-pretrade-2026-07-17T1724
2026-07-17,KINB,33.97,34.82,49.63,Aug-26,35.0,34.84,Sep-26,63.0,37.05,114,NordicDerivatives-pretrade-2026-07-17T1724
2026-07-17,LATOB,26.39,25.22,198.01,Aug-26,35.0,26.95,Sep-26,63.0,28.41,54,NordicDerivatives-pretrade-2026-07-17T1724
2026-07-17,LUMI,52.33,52.44,226.90,Aug-26,35.0,51.96,Sep-26,63.0,50.94,174,NordicDerivatives-pretrade-2026-07-17T1724
2026-07-17,METSO,35.06,42.00,15.24,Aug-26,35.0,34.41,Sep-26,63.0,32.59,12,NordicDerivatives-pretrade-2026-07-17T1724
2026-07-17,NCC,22.01,24.19,170.00,Aug-26,35.0,23.20,Sep-26,63.0,26.12,65,NordicDerivatives-pretrade-2026-07-17T1724
2026-07-17,NDASE,19.17,22.38,187.12,14-Aug-26,28.0,19.19,Aug-26,35.0,19.11,113,NordicDerivatives-pretrade-2026-07-17T1724
2026-07-17,NESTE,41.72,53.95,32.54,Aug-26,35.0,42.07,Sep-26,63.0,43.00,16,NordicDerivatives-pretrade-2026-07-17T1724
2026-07-17,NEWAB,28.71,39.03,93.31,Aug-26,35.0,30.72,Sep-26,63.0,35.53,84,NordicDerivatives-pretrade-2026-07-17T1724
2026-07-17,NOBA,42.35,43.18,82.34,Aug-26,35.0,41.44,Sep-26,63.0,38.89,79,NordicDerivatives-pretrade-2026-07-17T1724
2026-07-17,NOKI,78.86,76.20,97.18,Aug-26,35.0,78.78,Sep-26,63.0,78.58,341,NordicDerivatives-pretrade-2026-07-17T1724
2026-07-17,NOKIA,65.29,74.83,97.60,07-Aug-26,21.0,71.81,14-Aug-26,28.0,66.42,161,NordicDerivatives-pretrade-2026-07-17T1724
2026-07-17,OCTV,56.07,52.51,160.25,Aug-26,35.0,54.13,Sep-26,63.0,48.58,127,NordicDerivatives-pretrade-2026-07-17T1724
2026-07-17,OMXS30,25.70,19.43,3139.13,14-Aug-26,28.0,25.40,Aug-26,35.0,26.28,448,NordicDerivatives-pretrade-2026-07-17T1724
2026-07-17,ORNB,38.45,29.22,78.20,Oct-26,91.0,30.48,Dec-26,154.0,28.61,14,NordicDerivatives-pretrade-2026-07-17T1724
2026-07-17,SAAB,37.53,39.74,567.30,14-Aug-26,28.0,36.05,Aug-26,35.0,40.33,158,NordicDerivatives-pretrade-2026-07-17T1724
2026-07-17,SAGAB,19.33,24.42,170.13,Aug-26,35.0,18.71,Sep-26,63.0,16.95,13,NordicDerivatives-pretrade-2026-07-17T1724
2026-07-17,SAND,29.99,31.79,341.39,14-Aug-26,28.0,28.71,Aug-26,35.0,32.39,131,NordicDerivatives-pretrade-2026-07-17T1724
2026-07-17,SAVE,22.81,23.76,369.66,Aug-26,35.0,22.99,Sep-26,63.0,23.45,41,NordicDerivatives-pretrade-2026-07-17T1724
2026-07-17,SCAB,26.99,26.84,102.67,Aug-26,35.0,26.48,Sep-26,63.0,25.10,110,NordicDerivatives-pretrade-2026-07-17T1724
2026-07-17,SEBA,11.58,17.69,215.84,Aug-26,35.0,13.63,Dec-26,154.0,20.60,36,NordicDerivatives-pretrade-2026-07-17T1724
2026-07-17,SECUB,24.76,25.28,164.89,Aug-26,35.0,23.11,Sep-26,63.0,18.00,52,NordicDerivatives-pretrade-2026-07-17T1724
2026-07-17,SHBA,15.96,16.41,139.56,Aug-26,35.0,16.55,Sep-26,63.0,18.03,79,NordicDerivatives-pretrade-2026-07-17T1724
2026-07-17,SINCH,54.08,69.71,38.87,Aug-26,35.0,52.18,Oct-26,91.0,44.47,25,NordicDerivatives-pretrade-2026-07-17T1724
2026-07-17,SKAB,22.07,24.86,253.85,Aug-26,35.0,22.05,Sep-26,63.0,22.02,64,NordicDerivatives-pretrade-2026-07-17T1724
2026-07-17,SKFB,23.23,26.55,249.74,14-Aug-26,28.0,22.72,Aug-26,35.0,24.22,105,NordicDerivatives-pretrade-2026-07-17T1724
2026-07-17,SOBI,23.84,26.84,459.96,Aug-26,35.0,24.74,Sep-26,63.0,26.99,73,NordicDerivatives-pretrade-2026-07-17T1724
2026-07-17,SSABA,39.82,39.77,99.43,14-Aug-26,28.0,40.25,Aug-26,35.0,38.94,232,NordicDerivatives-pretrade-2026-07-17T1724
2026-07-17,SSABB,36.83,39.58,99.01,Aug-26,35.0,36.73,Sep-26,63.0,36.44,84,NordicDerivatives-pretrade-2026-07-17T1724
2026-07-17,STER,27.28,34.16,107.12,24-Jul-26,7.0,54.00,Aug-26,35.0,25.49,85,NordicDerivatives-pretrade-2026-07-17T1724
2026-07-17,SWEDA,20.09,19.54,360.00,14-Aug-26,28.0,19.57,Aug-26,35.0,21.09,198,NordicDerivatives-pretrade-2026-07-17T1724
2026-07-17,TLSN,15.69,21.88,45.85,14-Aug-26,28.0,14.80,Aug-26,35.0,17.33,112,NordicDerivatives-pretrade-2026-07-17T1724
2026-07-17,TRA,34.95,35.65,388.01,Aug-26,35.0,33.49,Sep-26,63.0,29.21,66,NordicDerivatives-pretrade-2026-07-17T1724
2026-07-17,TRELB,22.54,23.00,417.77,Aug-26,35.0,22.58,Sep-26,63.0,22.69,80,NordicDerivatives-pretrade-2026-07-17T1724
2026-07-17,VOLVB,26.06,24.46,338.35,Aug-26,35.0,25.72,Sep-26,63.0,24.80,134,NordicDerivatives-pretrade-2026-07-17T1724
